,ds,holiday_0,holiday_1,holiday_2,locale,transferred,y,onpromotion,transactions,day,month,day_of_month,day_of_year,week_of_year,day_of_week,is_weekend,is_month_start,is_month_end,quarter,is_quarter_start,is_quarter_end,is_year_start,is_year_end
0,2016-09-12,0,0,1,3.0,1,678776.4591265,5902.0,2545125.0,12,9,12,256,37,0,0,0,0,3,0,0,0,0
1,2016-09-13,0,0,1,3.0,1,603427.946974,7836.0,2443056.0,13,9,13,257,37,1,0,0,0,3,0,0,0,0
2,2016-09-14,0,0,1,3.0,1,624262.071976,13238.0,2412168.0,14,9,14,258,37,2,0,0,0,3,0,0,0,0
3,2016-09-15,0,0,1,3.0,1,568324.812986,8373.0,2466453.0,15,9,15,259,37,3,0,0,0,3,0,0,0,0
4,2016-09-16,0,0,1,3.0,1,691912.601466,14453.0,2666037.0,16,9,16,260,37,4,0,0,0,3,0,0,0,0
5,2016-09-17,0,0,1,3.0,1,899219.297508,9645.0,3111834.0,17,9,17,261,37,5,1,0,0,3,0,0,0,0
6,2016-09-18,0,0,1,3.0,1,1018662.657394,10453.0,3048375.0,18,9,18,262,37,6,1,0,0,3,0,0,0,0
7,2016-09-19,0,0,1,3.0,1,681159.341976,8924.0,2516415.0,19,9,19,263,38,0,0,0,0,3,0,0,0,0
8,2016-09-20,0,0,1,3.0,1,650980.3219717001,10992.0,2526876.0,20,9,20,264,38,1,0,0,0,3,0,0,0,0
9,2016-09-21,0,0,1,3.0,1,666928.400013,16166.0,2516580.0,21,9,21,265,38,2,0,0,0,3,0,0,0,0
10,2016-09-22,0,0,1,3.0,1,533276.332017,9185.0,2352306.0,22,9,22,266,38,3,0,0,0,3,0,0,0,0
11,2016-09-23,0,0,1,3.0,1,663685.9846653,14938.0,2587926.0,23,9,23,267,38,4,0,0,0,3,0,0,0,0
12,2016-09-24,0,0,1,3.0,1,861830.389997,10165.0,3002340.0,24,9,24,268,38,5,1,0,0,3,0,0,0,0
13,2016-09-25,0,0,1,3.0,1,952352.5509251,10902.0,2893671.0,25,9,25,269,38,6,1,0,0,3,0,0,0,0
14,2016-09-26,0,0,1,3.0,1,664217.4402937,9248.0,2476650.0,26,9,26,270,39,0,0,0,0,3,0,0,0,0
15,2016-09-27,0,0,1,3.0,1,587908.3278165,11118.0,2256375.0,27,9,27,271,39,1,0,0,0,3,0,0,0,0
16,2016-09-28,0,1,0,2.0,0,631761.1750463,15766.0,2401476.0,28,9,28,272,39,2,0,0,0,3,0,0,0,0
17,2016-09-29,0,0,1,3.0,1,520744.9210333,8746.0,2276076.0,29,9,29,273,39,3,0,0,0,3,0,0,0,0
18,2016-09-30,0,0,1,3.0,1,703198.490806,14020.0,2611125.0,30,9,30,274,39,4,0,0,1,3,0,1,0,0
19,2016-10-01,0,0,1,3.0,1,1175033.65823,9040.0,3401145.0,1,10,1,275,39,5,1,1,0,4,1,0,0,0
20,2016-10-02,0,0,1,3.0,1,1256480.1709663,10009.0,3279738.0,2,10,2,276,39,6,1,0,0,4,0,0,0,0
21,2016-10-03,0,0,1,3.0,1,833060.55889,8527.0,2774838.0,3,10,3,277,40,0,0,0,0,4,0,0,0,0
22,2016-10-04,0,0,1,3.0,1,724113.096039,11381.0,2619540.0,4,10,4,278,40,1,0,0,0,4,0,0,0,0
23,2016-10-05,0,0,1,3.0,1,749712.3000211,16510.0,2620299.0,5,10,5,279,40,2,0,0,0,4,0,0,0,0
24,2016-10-06,0,0,1,3.0,1,581429.340158,8844.0,2438436.0,6,10,6,280,40,3,0,0,0,4,0,0,0,0
25,2016-10-07,0,1,0,2.0,0,797612.239327,14565.0,2631321.0,7,10,7,281,40,4,0,0,0,4,0,0,0,0
26,2016-10-08,0,0,1,3.0,1,932551.706831,9965.0,3106686.0,8,10,8,282,40,5,1,0,0,4,0,0,0,0
27,2016-10-09,0,1,0,0.0,0,1088251.479908,10957.0,3087546.0,9,10,9,283,40,6,1,0,0,4,0,0,0,0
28,2016-10-10,0,0,1,3.0,1,725312.8469015,9518.0,2563803.0,10,10,10,284,41,0,0,0,0,4,0,0,0,0
29,2016-10-11,0,0,1,3.0,1,625271.993952,11499.0,2418834.0,11,10,11,285,41,1,0,0,0,4,0,0,0,0
30,2016-10-12,0,0,1,3.0,1,665126.077693,15499.0,2432793.0,12,10,12,286,41,2,0,0,0,4,0,0,0,0
31,2016-10-13,0,0,1,3.0,1,558859.8909975,9141.0,2331219.0,13,10,13,287,41,3,0,0,0,4,0,0,0,0
32,2016-10-14,0,0,1,3.0,1,667954.207226,14622.0,2611818.0,14,10,14,288,41,4,0,0,0,4,0,0,0,0
33,2016-10-15,0,0,1,3.0,1,890613.591114,9962.0,3061344.0,15,10,15,289,41,5,1,0,0,4,0,0,0,0
34,2016-10-16,0,0,1,3.0,1,1104504.6882152,11029.0,3100383.0,16,10,16,290,41,6,1,0,0,4,0,0,0,0
35,2016-10-17,0,0,1,3.0,1,710456.4240015,8913.0,2528262.0,17,10,17,291,42,0,0,0,0,4,0,0,0,0
36,2016-10-18,0,0,1,3.0,1,630638.592023,10764.0,2429856.0,18,10,18,292,42,1,0,0,0,4,0,0,0,0
37,2016-10-19,0,0,1,3.0,1,647823.468973,15074.0,2406723.0,19,10,19,293,42,2,0,0,0,4,0,0,0,0
38,2016-10-20,0,0,1,3.0,1,583001.280078,8438.0,2415468.0,20,10,20,294,42,3,0,0,0,4,0,0,0,0
39,2016-10-21,0,0,1,3.0,1,669453.5420583,13952.0,2582085.0,21,10,21,295,42,4,0,0,0,4,0,0,0,0
40,2016-10-22,0,0,1,3.0,1,843626.415914,8824.0,2965281.0,22,10,22,296,42,5,1,0,0,4,0,0,0,0
41,2016-10-23,0,0,1,3.0,1,1022953.689959,10108.0,2998578.0,23,10,23,297,42,6,1,0,0,4,0,0,0,0
42,2016-10-24,0,0,1,3.0,1,668507.6451983,8278.0,2420682.0,24,10,24,298,43,0,0,0,0,4,0,0,0,0
43,2016-10-25,0,0,1,3.0,1,610590.8979547,10318.0,2411442.0,25,10,25,299,43,1,0,0,0,4,0,0,0,0
44,2016-10-26,0,0,1,3.0,1,633413.8905697,20046.0,2402994.0,26,10,26,300,43,2,0,0,0,4,0,0,0,0
45,2016-10-27,0,0,1,3.0,1,544361.4798829,12296.0,2359698.0,27,10,27,301,43,3,0,0,0,4,0,0,0,0
46,2016-10-28,0,0,1,3.0,1,638838.252231,18399.0,2536908.0,28,10,28,302,43,4,0,0,0,4,0,0,0,0
47,2016-10-29,0,0,1,3.0,1,841074.6969995,15002.0,2984124.0,29,10,29,303,43,5,1,0,0,4,0,0,0,0
48,2016-10-30,0,0,1,3.0,1,954838.191008,15945.0,2928552.0,30,10,30,304,43,6,1,0,0,4,0,0,0,0
49,2016-10-31,0,0,1,3.0,1,654923.5029715,13089.0,2507604.0,31,10,31,305,44,0,0,0,1,4,0,0,0,0
50,2016-11-01,0,0,1,3.0,1,811832.445984,15036.0,2806650.0,1,11,1,306,44,1,0,1,0,4,0,0,0,0
51,2016-11-02,0,1,0,0.0,0,969033.618953,21832.0,2984982.0,2,11,2,307,44,2,0,0,0,4,0,0,0,0
52,2016-11-03,0,1,0,0.0,0,793811.6841115,13041.0,2723325.0,3,11,3,308,44,3,0,0,0,4,0,0,0,0
53,2016-11-04,0,1,1,0.0,0,858468.216477,17726.0,2830146.0,4,11,4,309,44,4,0,0,0,4,0,0,0,0
54,2016-11-05,0,0,1,3.0,1,887751.298669,13143.0,2931060.0,5,11,5,310,44,5,1,0,0,4,0,0,0,0
55,2016-11-06,0,1,0,1.0,0,1140367.104134,14731.0,3040950.0,6,11,6,311,44,6,1,0,0,4,0,0,0,0
56,2016-11-07,0,1,0,1.0,0,849451.0429045,12332.0,2742762.0,7,11,7,312,45,0,0,0,0,4,0,0,0,0
57,2016-11-08,0,0,1,3.0,1,767439.628434,13995.0,2637261.0,8,11,8,313,45,1,0,0,0,4,0,0,0,0
58,2016-11-09,0,0,1,3.0,1,790276.839009,21413.0,2642541.0,9,11,9,314,45,2,0,0,0,4,0,0,0,0
59,2016-11-10,0,1,0,2.0,0,588241.7590247,11964.0,2401344.0,10,11,10,315,45,3,0,0,0,4,0,0,0,0
60,2016-11-11,0,1,0,2.0,0,713396.4541223,17688.0,2600895.0,11,11,11,316,45,4,0,0,0,4,0,0,0,0
61,2016-11-12,0,1,0,2.0,0,929802.771943,13278.0,3059628.0,12,11,12,317,45,5,1,0,0,4,0,0,0,0
62,2016-11-12,1,0,0,0.0,0,929802.771943,13278.0,3059628.0,12,11,12,317,45,5,1,0,0,4,0,0,0,0
63,2016-11-13,0,0,1,3.0,1,1188982.232398,14446.0,3247497.0,13,11,13,318,45,6,1,0,0,4,0,0,0,0
64,2016-11-14,0,0,1,3.0,1,735723.172977,10519.0,2551461.0,14,11,14,319,46,0,0,0,0,4,0,0,0,0
65,2016-11-15,0,0,1,3.0,1,691801.6290437999,13178.0,2529483.0,15,11,15,320,46,1,0,0,0,4,0,0,0,0
66,2016-11-16,0,0,1,3.0,1,830431.7415873,20041.0,2692899.0,16,11,16,321,46,2,0,0,0,4,0,0,0,0
67,2016-11-17,0,0,1,3.0,1,615228.2560159,9983.0,2474967.0,17,11,17,322,46,3,0,0,0,4,0,0,0,0
68,2016-11-18,0,0,1,3.0,1,738265.552222,15252.0,2701182.0,18,11,18,323,46,4,0,0,0,4,0,0,0,0
69,2016-11-19,0,0,1,3.0,1,935656.0010137,11708.0,3128103.0,19,11,19,324,46,5,1,0,0,4,0,0,0,0
70,2016-11-20,0,0,1,3.0,1,1125178.987911,12877.0,3180144.0,20,11,20,325,46,6,1,0,0,4,0,0,0,0
71,2016-11-21,0,0,1,3.0,1,773762.280859,11295.0,2690688.0,21,11,21,326,47,0,0,0,0,4,0,0,0,0
72,2016-11-22,0,0,1,3.0,1,690281.251004,13276.0,2664684.0,22,11,22,327,47,1,0,0,0,4,0,0,0,0
73,2016-11-23,0,0,1,3.0,1,753685.041456,20488.0,2718870.0,23,11,23,328,47,2,0,0,0,4,0,0,0,0
74,2016-11-24,0,0,1,3.0,1,595457.3062203,11234.0,2523807.0,24,11,24,329,47,3,0,0,0,4,0,0,0,0
75,2016-11-25,1,0,1,0.0,0,737819.484836,17137.0,2870373.0,25,11,25,330,47,4,0,0,0,4,0,0,0,0
76,2016-11-26,0,0,1,3.0,1,908066.823384,12489.0,3192684.0,26,11,26,331,47,5,1,0,0,4,0,0,0,0
77,2016-11-27,0,0,1,3.0,1,1056721.5920875,13624.0,3155724.0,27,11,27,332,47,6,1,0,0,4,0,0,0,0
78,2016-11-28,1,0,1,0.0,0,752583.7680527,11861.0,2630661.0,28,11,28,333,48,0,0,0,0,4,0,0,0,0
79,2016-11-29,0,0,1,3.0,1,645760.5082353,13347.0,2456817.0,29,11,29,334,48,1,0,0,0,4,0,0,0,0
80,2016-11-30,0,0,1,3.0,1,767361.704324,19424.0,2662440.0,30,11,30,335,48,2,0,0,1,4,0,0,0,0
81,2016-12-01,0,0,1,3.0,1,843603.315088,12985.0,2793351.0,1,12,1,336,48,3,0,1,0,4,0,0,0,0
82,2016-12-02,0,0,1,3.0,1,853454.930795,18819.0,2863575.0,2,12,2,337,48,4,0,0,0,4,0,0,0,0
83,2016-12-03,0,0,1,3.0,1,1113440.567059,14279.0,3380157.0,3,12,3,338,48,5,1,0,0,4,0,0,0,0
84,2016-12-04,0,0,1,3.0,1,1276195.0362097,15186.0,3428931.0,4,12,4,339,48,6,1,0,0,4,0,0,0,0
85,2016-12-05,1,1,0,2.0,0,896824.938971,13159.0,2935251.0,5,12,5,340,49,0,0,0,0,4,0,0,0,0
86,2016-12-06,0,1,0,2.0,0,932546.385931,15573.0,3059100.0,6,12,6,341,49,1,0,0,0,4,0,0,0,0
87,2016-12-07,0,0,1,3.0,1,867653.7351403,26861.0,2927067.0,7,12,7,342,49,2,0,0,0,4,0,0,0,0
88,2016-12-08,0,1,0,2.0,0,674077.382905,13681.0,2724150.0,8,12,8,343,49,3,0,0,0,4,0,0,0,0
89,2016-12-09,0,0,1,3.0,1,774941.923982,19275.0,2993859.0,9,12,9,344,49,4,0,0,0,4,0,0,0,0
90,2016-12-10,0,0,1,3.0,1,920050.745917,14826.0,3320394.0,10,12,10,345,49,5,1,0,0,4,0,0,0,0
91,2016-12-11,0,0,1,3.0,1,1119324.243986,16281.0,3335541.0,11,12,11,346,49,6,1,0,0,4,0,0,0,0
92,2016-12-12,0,0,1,3.0,1,844251.703802,13791.0,2841069.0,12,12,12,347,50,0,0,0,0,4,0,0,0,0
93,2016-12-13,0,0,1,3.0,1,747161.615593,16204.0,2835591.0,13,12,13,348,50,1,0,0,0,4,0,0,0,0
94,2016-12-14,0,0,1,3.0,1,829763.2190675,21728.0,2950761.0,14,12,14,349,50,2,0,0,0,4,0,0,0,0
95,2016-12-15,0,0,1,3.0,1,747641.1828753001,14623.0,3020325.0,15,12,15,350,50,3,0,0,0,4,0,0,0,0
96,2016-12-16,0,0,1,3.0,1,918899.786306,20131.0,3290661.0,16,12,16,351,50,4,0,0,0,4,0,0,0,0
97,2016-12-17,0,0,1,3.0,1,1071655.6282493,15863.0,3777345.0,17,12,17,352,50,5,1,0,0,4,0,0,0,0
98,2016-12-18,0,0,1,3.0,1,1260471.9085900001,17228.0,3837537.0,18,12,18,353,50,6,1,0,0,4,0,0,0,0
99,2016-12-19,0,0,1,3.0,1,1028242.8227987,15014.0,3523080.0,19,12,19,354,51,0,0,0,0,4,0,0,0,0
100,2016-12-20,0,0,1,3.0,1,1080402.388032,17863.0,3840936.0,20,12,20,355,51,1,0,0,0,4,0,0,0,0
101,2016-12-21,1,1,0,0.0,0,1181307.3270735,23427.0,4357980.0,21,12,21,356,51,2,0,0,0,4,0,0,0,0
102,2016-12-22,1,1,0,0.0,0,1135849.391084,15486.0,4583436.0,22,12,22,357,51,3,0,0,0,4,0,0,0,0
103,2016-12-22,0,1,0,2.0,0,1135849.391084,15486.0,4583436.0,22,12,22,357,51,3,0,0,0,4,0,0,0,0
104,2016-12-23,1,1,0,0.0,0,1282145.5171351,21531.0,5178756.0,23,12,23,358,51,4,0,0,0,4,0,0,0,0
105,2016-12-24,1,1,0,0.0,0,1246837.8430543,15250.0,5528886.0,24,12,24,359,51,5,1,0,0,4,0,0,0,0
106,2016-12-26,1,1,0,0.0,0,1032770.748898,14818.0,3482292.0,26,12,26,361,52,0,0,0,0,4,0,0,0,0
107,2016-12-27,0,0,1,3.0,1,842475.490118,16147.0,3156219.0,27,12,27,362,52,1,0,0,0,4,0,0,0,0
108,2016-12-28,0,0,1,3.0,1,951533.7138481,23634.0,3422661.0,28,12,28,363,52,2,0,0,0,4,0,0,0,0
109,2016-12-29,0,0,1,3.0,1,894108.236835,15877.0,3387945.0,29,12,29,364,52,3,0,0,0,4,0,0,0,0
110,2016-12-30,0,0,1,3.0,1,1163643.0379923,21974.0,4216443.0,30,12,30,365,52,4,0,0,0,4,0,0,0,0
111,2016-12-31,1,1,0,0.0,0,1109012.812049,15984.0,4473744.0,31,12,31,366,52,5,1,0,1,4,0,1,0,1
112,2017-01-01,0,1,0,0.0,1,12082.500997,170.0,54186.0,1,1,1,1,52,6,1,1,0,1,1,0,1,0
113,2017-01-02,1,1,1,0.0,0,1402306.370834,11812.0,3554694.0,2,1,2,2,1,0,0,0,0,1,0,0,0,0
114,2017-01-03,0,0,1,3.0,1,1104377.0798245,13906.0,3207105.0,3,1,3,3,1,1,0,0,0,1,0,0,0,0
115,2017-01-04,0,0,1,3.0,1,990093.463742,22918.0,3020391.0,4,1,4,4,1,2,0,0,0,1,0,0,0,0
116,2017-01-05,0,0,1,3.0,1,777620.9540695,8550.0,2802690.0,5,1,5,5,1,3,0,0,0,1,0,0,0,0
117,2017-01-06,0,0,1,3.0,1,839600.237989,15539.0,2968779.0,6,1,6,6,1,4,0,0,0,1,0,0,0,0
118,2017-01-07,0,0,1,3.0,1,1103806.298949,10406.0,3397482.0,7,1,7,7,1,5,1,0,0,1,0,0,0,0
119,2017-01-08,0,0,1,3.0,1,1192543.750978,11277.0,3193872.0,8,1,8,8,1,6,1,0,0,1,0,0,0,0
120,2017-01-09,0,0,1,3.0,1,793724.8969065,9647.0,2709663.0,9,1,9,9,2,0,0,0,0,1,0,0,0,0
121,2017-01-10,0,0,1,3.0,1,742635.5692609,11820.0,2637756.0,10,1,10,10,2,1,0,0,0,1,0,0,0,0
122,2017-01-11,0,0,1,3.0,1,770742.690065,17301.0,2662836.0,11,1,11,11,2,2,0,0,0,1,0,0,0,0
123,2017-01-12,0,0,1,3.0,1,629635.794004,9601.0,2497803.0,12,1,12,12,2,3,0,0,0,1,0,0,0,0
124,2017-01-13,0,0,1,3.0,1,768898.9443882,15674.0,2774244.0,13,1,13,13,2,4,0,0,0,1,0,0,0,0
125,2017-01-14,0,0,1,3.0,1,1021050.536226,10682.0,3297393.0,14,1,14,14,2,5,1,0,0,1,0,0,0,0
126,2017-01-15,0,0,1,3.0,1,1175725.165838,11548.0,3204531.0,15,1,15,15,2,6,1,0,0,1,0,0,0,0
127,2017-01-16,0,0,1,3.0,1,824488.666175,9912.0,2773254.0,16,1,16,16,3,0,0,0,0,1,0,0,0,0
128,2017-01-17,0,0,1,3.0,1,750836.542952,12064.0,2643069.0,17,1,17,17,3,1,0,0,0,1,0,0,0,0
129,2017-01-18,0,0,1,3.0,1,782656.0246723,18723.0,2672472.0,18,1,18,18,3,2,0,0,0,1,0,0,0,0
130,2017-01-19,0,0,1,3.0,1,606949.7448793,9633.0,2454804.0,19,1,19,19,3,3,0,0,0,1,0,0,0,0
131,2017-01-20,0,0,1,3.0,1,725703.6910875,14854.0,2605317.0,20,1,20,20,3,4,0,0,0,1,0,0,0,0
132,2017-01-21,0,0,1,3.0,1,1072721.724905,10194.0,3359829.0,21,1,21,21,3,5,1,0,0,1,0,0,0,0
133,2017-01-22,0,0,1,3.0,1,1148214.358454,11257.0,3200967.0,22,1,22,22,3,6,1,0,0,1,0,0,0,0
134,2017-01-23,0,0,1,3.0,1,798133.612125,9356.0,2753058.0,23,1,23,23,4,0,0,0,0,1,0,0,0,0
135,2017-01-24,0,0,1,3.0,1,721275.774781,11940.0,2611917.0,24,1,24,24,4,1,0,0,0,1,0,0,0,0
136,2017-01-25,0,0,1,3.0,1,744342.5929227,18532.0,2617395.0,25,1,25,25,4,2,0,0,0,1,0,0,0,0
137,2017-01-26,0,0,1,3.0,1,576515.5369877,7562.0,2394183.0,26,1,26,26,4,3,0,0,0,1,0,0,0,0
138,2017-01-27,0,0,1,3.0,1,722113.958837,13112.0,2728473.0,27,1,27,27,4,4,0,0,0,1,0,0,0,0
139,2017-01-28,0,0,1,3.0,1,977850.40585,8264.0,3214068.0,28,1,28,28,4,5,1,0,0,1,0,0,0,0
140,2017-01-29,0,0,1,3.0,1,1075166.993043,9260.0,3026001.0,29,1,29,29,4,6,1,0,0,1,0,0,0,0
141,2017-01-30,0,0,1,3.0,1,698123.768037,7330.0,2477838.0,30,1,30,30,5,0,0,0,0,1,0,0,0,0
142,2017-01-31,0,0,1,3.0,1,778222.285925,10584.0,2707914.0,31,1,31,31,5,1,0,0,1,1,0,0,0,0
143,2017-02-01,0,0,1,3.0,1,961777.382874,16375.0,2902812.0,1,2,1,32,5,2,0,1,0,1,0,0,0,0
144,2017-02-02,0,0,1,3.0,1,748882.732615,8017.0,2741211.0,2,2,2,33,5,3,0,0,0,1,0,0,0,0
145,2017-02-03,0,0,1,3.0,1,834667.1519293,13655.0,2922975.0,3,2,3,34,5,4,0,0,0,1,0,0,0,0
146,2017-02-04,0,0,1,3.0,1,1132788.541413,8302.0,3475296.0,4,2,4,35,5,5,1,0,0,1,0,0,0,0
147,2017-02-05,0,0,1,3.0,1,1151987.631095,9052.0,3221790.0,5,2,5,36,5,6,1,0,0,1,0,0,0,0
148,2017-02-06,0,0,1,3.0,1,786672.394181,7734.0,2790381.0,6,2,6,37,6,0,0,0,0,1,0,0,0,0
149,2017-02-07,0,0,1,3.0,1,739431.213302,9964.0,2752266.0,7,2,7,38,6,1,0,0,0,1,0,0,0,0
150,2017-02-08,0,0,1,3.0,1,783605.377185,19103.0,2768403.0,8,2,8,39,6,2,0,0,0,1,0,0,0,0
151,2017-02-09,0,0,1,3.0,1,624387.487899,7213.0,2553606.0,9,2,9,40,6,3,0,0,0,1,0,0,0,0
152,2017-02-10,0,0,1,3.0,1,752207.2398545,12607.0,2849847.0,10,2,10,41,6,4,0,0,0,1,0,0,0,0
153,2017-02-11,0,0,1,3.0,1,944924.65301,7840.0,3208029.0,11,2,11,42,6,5,1,0,0,1,0,0,0,0
154,2017-02-12,0,0,1,3.0,1,1074820.900014,8800.0,3083157.0,12,2,12,43,6,6,1,0,0,1,0,0,0,0
155,2017-02-13,0,0,1,3.0,1,794314.4320675,7527.0,3091704.0,13,2,13,44,7,0,0,0,0,1,0,0,0,0
156,2017-02-14,0,0,1,3.0,1,642613.187069,9653.0,3279243.0,14,2,14,45,7,1,0,0,0,1,0,0,0,0
157,2017-02-15,0,0,1,3.0,1,745780.355084,17201.0,2656533.0,15,2,15,46,7,2,0,0,0,1,0,0,0,0
158,2017-02-16,0,0,1,3.0,1,645968.2570671,8104.0,2570271.0,16,2,16,47,7,3,0,0,0,1,0,0,0,0
159,2017-02-17,0,0,1,3.0,1,758855.71279,13615.0,2785134.0,17,2,17,48,7,4,0,0,0,1,0,0,0,0
160,2017-02-18,0,0,1,3.0,1,1063394.844003,8434.0,3346530.0,18,2,18,49,7,5,1,0,0,1,0,0,0,0
161,2017-02-19,0,0,1,3.0,1,858897.1230135,9119.0,2704317.0,19,2,19,50,7,6,1,0,0,1,0,0,0,0
162,2017-02-20,0,0,1,3.0,1,759120.0599607,8008.0,2622510.0,20,2,20,51,8,0,0,0,0,1,0,0,0,0
163,2017-02-21,0,0,1,3.0,1,717807.6770255,10436.0,2633631.0,21,2,21,52,8,1,0,0,0,1,0,0,0,0
164,2017-02-22,0,0,1,3.0,1,739388.0344027,16096.0,2633004.0,22,2,22,53,8,2,0,0,0,1,0,0,0,0
165,2017-02-23,0,0,1,3.0,1,675578.500156,8374.0,2732235.0,23,2,23,54,8,3,0,0,0,1,0,0,0,0
166,2017-02-24,0,0,1,3.0,1,816197.498952,14147.0,2942610.0,24,2,24,55,8,4,0,0,0,1,0,0,0,0
167,2017-02-25,0,0,1,3.0,1,1026011.2228075,9005.0,3341415.0,25,2,25,56,8,5,1,0,0,1,0,0,0,0
168,2017-02-26,0,0,1,3.0,1,775708.987978,9260.0,2668380.0,26,2,26,57,8,6,1,0,0,1,0,0,0,0
169,2017-02-27,0,1,0,0.0,0,744956.948138,8398.0,2618088.0,27,2,27,58,9,0,0,0,0,1,0,0,0,0
170,2017-02-28,0,1,0,0.0,0,949366.8290505,11215.0,2900832.0,28,2,28,59,9,1,0,0,1,1,0,0,0,0
171,2017-03-01,0,0,1,3.0,1,1008521.709962,18621.0,2963367.0,1,3,1,60,9,2,0,1,0,1,0,0,0,0
172,2017-03-02,0,1,0,2.0,0,836225.179072,9186.0,2847702.0,2,3,2,61,9,3,0,0,0,1,0,0,0,0
173,2017-03-03,0,0,1,3.0,1,882639.776274,15308.0,2943963.0,3,3,3,62,9,4,0,0,0,1,0,0,0,0
174,2017-03-04,0,0,1,3.0,1,1125736.3470592,9661.0,3400815.0,4,3,4,63,9,5,1,0,0,1,0,0,0,0
175,2017-03-05,0,0,1,3.0,1,1196983.690104,10362.0,3233604.0,5,3,5,64,9,6,1,0,0,1,0,0,0,0
176,2017-03-06,0,0,1,3.0,1,790143.2410905,8100.0,2725272.0,6,3,6,65,10,0,0,0,0,1,0,0,0,0
177,2017-03-07,0,0,1,3.0,1,761866.729975,10556.0,2716395.0,7,3,7,66,10,1,0,0,0,1,0,0,0,0
178,2017-03-08,0,0,1,3.0,1,781046.6619577,16073.0,2862420.0,8,3,8,67,10,2,0,0,0,1,0,0,0,0
179,2017-03-09,0,0,1,3.0,1,653901.1919827,7340.0,2538558.0,9,3,9,68,10,3,0,0,0,1,0,0,0,0
180,2017-03-10,0,0,1,3.0,1,773855.30685,13248.0,2794803.0,10,3,10,69,10,4,0,0,0,1,0,0,0,0
181,2017-03-11,0,0,1,3.0,1,1001174.4340065,7610.0,3218193.0,11,3,11,70,10,5,1,0,0,1,0,0,0,0
182,2017-03-12,0,0,1,3.0,1,1146006.826973,8594.0,3162786.0,12,3,12,71,10,6,1,0,0,1,0,0,0,0
183,2017-03-13,0,0,1,3.0,1,754390.380036,7142.0,2636271.0,13,3,13,72,11,0,0,0,0,1,0,0,0,0
184,2017-03-14,0,0,1,3.0,1,700998.0346447,9650.0,2580600.0,14,3,14,73,11,1,0,0,0,1,0,0,0,0
185,2017-03-15,0,0,1,3.0,1,815621.887369,15436.0,2790942.0,15,3,15,74,11,2,0,0,0,1,0,0,0,0
186,2017-03-16,0,0,1,3.0,1,699108.166824,7569.0,2607990.0,16,3,16,75,11,3,0,0,0,1,0,0,0,0
187,2017-03-17,0,0,1,3.0,1,812306.77427,14263.0,2880999.0,17,3,17,76,11,4,0,0,0,1,0,0,0,0
188,2017-03-18,0,0,1,3.0,1,1038906.566154,8705.0,3270102.0,18,3,18,77,11,5,1,0,0,1,0,0,0,0
189,2017-03-19,0,0,1,3.0,1,1157140.638587,9579.0,3192354.0,19,3,19,78,11,6,1,0,0,1,0,0,0,0
190,2017-03-20,0,0,1,3.0,1,826428.90991,8349.0,2805165.0,20,3,20,79,12,0,0,0,0,1,0,0,0,0
191,2017-03-21,0,0,1,3.0,1,746620.926177,11112.0,2696628.0,21,3,21,80,12,1,0,0,0,1,0,0,0,0
192,2017-03-22,0,0,1,3.0,1,767880.804934,16052.0,2644620.0,22,3,22,81,12,2,0,0,0,1,0,0,0,0
193,2017-03-23,0,0,1,3.0,1,670848.010029,6839.0,2573637.0,23,3,23,82,12,3,0,0,0,1,0,0,0,0
194,2017-03-24,0,0,1,3.0,1,787914.125515,13150.0,2749362.0,24,3,24,83,12,4,0,0,0,1,0,0,0,0
195,2017-03-25,0,0,1,3.0,1,1038139.316887,8520.0,3274755.0,25,3,25,84,12,5,1,0,0,1,0,0,0,0
196,2017-03-26,0,0,1,3.0,1,1101557.476706,9434.0,3057780.0,26,3,26,85,12,6,1,0,0,1,0,0,0,0
197,2017-03-27,0,0,1,3.0,1,784103.265042,7884.0,2668776.0,27,3,27,86,13,0,0,0,0,1,0,0,0,0
198,2017-03-28,0,0,1,3.0,1,702943.9485770001,10654.0,2562978.0,28,3,28,87,13,1,0,0,0,1,0,0,0,0
199,2017-03-29,0,0,1,3.0,1,824632.985033,17151.0,2703294.0,29,3,29,88,13,2,0,0,0,1,0,0,0,0
200,2017-03-30,0,0,1,3.0,1,637624.340998,9116.0,2485032.0,30,3,30,89,13,3,0,0,0,1,0,0,0,0
201,2017-03-31,0,0,1,3.0,1,878750.03788,14027.0,2872122.0,31,3,31,90,13,4,0,0,1,1,0,1,0,0
202,2017-04-01,0,1,0,1.0,0,1463083.962459,7450.0,3731739.0,1,4,1,91,13,5,1,1,0,2,1,0,0,0
203,2017-04-02,0,0,1,3.0,1,1138650.058898,7946.0,3124968.0,2,4,2,92,13,6,1,0,0,2,0,0,0,0
204,2017-04-03,0,0,1,3.0,1,835191.622029,6545.0,2682702.0,3,4,3,93,14,0,0,0,0,2,0,0,0,0
205,2017-04-04,0,0,1,3.0,1,835602.6360017,9316.0,2800776.0,4,4,4,94,14,1,0,0,0,2,0,0,0,0
206,2017-04-05,0,0,1,3.0,1,846631.307907,15094.0,2813415.0,5,4,5,95,14,2,0,0,0,2,0,0,0,0
207,2017-04-06,0,0,1,3.0,1,683059.570103,6973.0,2665575.0,6,4,6,96,14,3,0,0,0,2,0,0,0,0
208,2017-04-07,0,0,1,3.0,1,765502.211925,12478.0,2830773.0,7,4,7,97,14,4,0,0,0,2,0,0,0,0
209,2017-04-08,0,0,1,3.0,1,988591.469958,7567.0,3235089.0,8,4,8,98,14,5,1,0,0,2,0,0,0,0
210,2017-04-09,0,0,1,3.0,1,1101713.657101,8423.0,3122361.0,9,4,9,99,14,6,1,0,0,2,0,0,0,0
211,2017-04-10,0,0,1,3.0,1,739392.130988,6662.0,2701644.0,10,4,10,100,15,0,0,0,0,2,0,0,0,0
212,2017-04-11,0,0,1,3.0,1,741331.430196,9681.0,2775465.0,11,4,11,101,15,1,0,0,0,2,0,0,0,0
213,2017-04-12,0,1,0,2.0,1,791762.312883,18094.0,2773716.0,12,4,12,102,15,2,0,0,0,2,0,0,0,0
214,2017-04-13,1,1,1,2.0,0,737029.565183,10215.0,2994816.0,13,4,13,103,15,3,0,0,0,2,0,0,0,0
215,2017-04-14,0,1,0,2.0,0,740889.486829,15812.0,2855061.0,14,4,14,104,15,4,0,0,0,2,0,0,0,0
216,2017-04-14,0,1,0,0.0,0,740889.486829,15812.0,2855061.0,14,4,14,104,15,4,0,0,0,2,0,0,0,0
217,2017-04-15,0,0,1,3.0,1,898610.217928,10690.0,3206445.0,15,4,15,105,15,5,1,0,0,2,0,0,0,0
218,2017-04-16,0,0,1,3.0,1,985493.795113,11676.0,2991912.0,16,4,16,106,15,6,1,0,0,2,0,0,0,0
219,2017-04-17,0,0,1,3.0,1,775916.9059055,10152.0,2740419.0,17,4,17,107,16,0,0,0,0,2,0,0,0,0
220,2017-04-18,0,0,1,3.0,1,717196.315762,11980.0,2651022.0,18,4,18,108,16,1,0,0,0,2,0,0,0,0
221,2017-04-19,0,0,1,3.0,1,735733.2142477001,19618.0,2606967.0,19,4,19,109,16,2,0,0,0,2,0,0,0,0
222,2017-04-20,0,0,1,3.0,1,675804.0219027,11231.0,2735865.0,20,4,20,110,16,3,0,0,0,2,0,0,0,0
223,2017-04-21,0,1,0,2.0,0,795795.893872,18291.0,2971815.0,21,4,21,111,16,4,0,0,0,2,0,0,0,0
224,2017-04-22,0,0,1,3.0,1,974952.817869,12972.0,3337125.0,22,4,22,112,16,5,1,0,0,2,0,0,0,0
225,2017-04-23,0,0,1,3.0,1,1140070.2748035,14276.0,3339138.0,23,4,23,113,16,6,1,0,0,2,0,0,0,0
226,2017-04-24,0,0,1,3.0,1,755072.530945,12476.0,2702733.0,24,4,24,114,17,0,0,0,0,2,0,0,0,0
227,2017-04-25,0,0,1,3.0,1,718996.080637,14844.0,2712369.0,25,4,25,115,17,1,0,0,0,2,0,0,0,0
228,2017-04-26,0,0,1,3.0,1,781159.2829995,21140.0,2795397.0,26,4,26,116,17,2,0,0,0,2,0,0,0,0
229,2017-04-27,0,0,1,3.0,1,624910.0260955,12602.0,2606043.0,27,4,27,117,17,3,0,0,0,2,0,0,0,0
230,2017-04-28,0,0,1,3.0,1,797636.6251025,18991.0,2886642.0,28,4,28,118,17,4,0,0,0,2,0,0,0,0
231,2017-04-29,0,0,1,3.0,1,1068279.815941,13643.0,3460710.0,29,4,29,119,17,5,1,0,0,2,0,0,0,0
232,2017-04-30,0,0,1,3.0,1,1041249.2479705,14204.0,3184962.0,30,4,30,120,17,6,1,0,1,2,0,0,0,0
233,2017-05-01,0,1,0,0.0,0,1306699.366897,12733.0,3512520.0,1,5,1,121,18,0,0,1,0,2,0,0,0,0
234,2017-05-02,0,0,1,3.0,1,907324.094113,14155.0,2926044.0,2,5,2,122,18,1,0,0,0,2,0,0,0,0
235,2017-05-03,0,0,1,3.0,1,924247.257204,21181.0,2960529.0,3,5,3,123,18,2,0,0,0,2,0,0,0,0
236,2017-05-04,0,0,1,3.0,1,716654.608983,10040.0,2704581.0,4,5,4,124,18,3,0,0,0,2,0,0,0,0
237,2017-05-05,0,0,1,3.0,1,780798.407016,15908.0,2815989.0,5,5,5,125,18,4,0,0,0,2,0,0,0,0
238,2017-05-06,0,0,1,3.0,1,1039417.861868,10346.0,3438699.0,6,5,6,126,18,5,1,0,0,2,0,0,0,0
239,2017-05-07,0,0,1,3.0,1,1227380.607924,11503.0,3405930.0,7,5,7,127,18,6,1,0,0,2,0,0,0,0
240,2017-05-08,0,0,1,3.0,1,776307.495015,9552.0,2779293.0,8,5,8,128,19,0,0,0,0,2,0,0,0,0
241,2017-05-09,0,0,1,3.0,1,715811.198881,12040.0,2717385.0,9,5,9,129,19,1,0,0,0,2,0,0,0,0
242,2017-05-10,0,0,1,3.0,1,766101.907094,20292.0,2760021.0,10,5,10,130,19,2,0,0,0,2,0,0,0,0
243,2017-05-11,0,0,1,3.0,1,648650.413039,11109.0,2688708.0,11,5,11,131,19,3,0,0,0,2,0,0,0,0
244,2017-05-12,0,1,0,2.0,0,764812.415784,16721.0,3018906.0,12,5,12,132,19,4,0,0,0,2,0,0,0,0
245,2017-05-13,1,1,0,0.0,0,1116976.891153,12225.0,4022337.0,13,5,13,133,19,5,1,0,0,2,0,0,0,0
246,2017-05-14,1,0,1,0.0,0,884199.9138385,12682.0,3341481.0,14,5,14,134,19,6,1,0,0,2,0,0,0,0
247,2017-05-15,0,0,1,3.0,1,823035.572122,11265.0,2762628.0,15,5,15,135,20,0,0,0,0,2,0,0,0,0
248,2017-05-16,0,0,1,3.0,1,807803.8950783,13685.0,2822424.0,16,5,16,136,20,1,0,0,0,2,0,0,0,0
249,2017-05-17,0,0,1,3.0,1,841407.607944,18617.0,2823480.0,17,5,17,137,20,2,0,0,0,2,0,0,0,0
250,2017-05-18,0,0,1,3.0,1,628487.989962,10594.0,2559513.0,18,5,18,138,20,3,0,0,0,2,0,0,0,0
251,2017-05-19,0,0,1,3.0,1,773775.4378677,15706.0,2847438.0,19,5,19,139,20,4,0,0,0,2,0,0,0,0
252,2017-05-20,0,0,1,3.0,1,1035667.381833,10841.0,3356397.0,20,5,20,140,20,5,1,0,0,2,0,0,0,0
253,2017-05-21,0,0,1,3.0,1,1201938.886229,12033.0,3353658.0,21,5,21,141,20,6,1,0,0,2,0,0,0,0
254,2017-05-22,0,0,1,3.0,1,778935.156126,10039.0,2773617.0,22,5,22,142,21,0,0,0,0,2,0,0,0,0
255,2017-05-23,0,0,1,3.0,1,723151.767982,12292.0,2706264.0,23,5,23,143,21,1,0,0,0,2,0,0,0,0
256,2017-05-24,0,1,0,0.0,1,746303.6271255,20850.0,2702007.0,24,5,24,144,21,2,0,0,0,2,0,0,0,0
257,2017-05-25,0,0,1,3.0,1,620108.24391,9527.0,2590533.0,25,5,25,145,21,3,0,0,0,2,0,0,0,0
258,2017-05-26,1,1,1,0.0,0,984511.1521135,16458.0,3183015.0,26,5,26,146,21,4,0,0,0,2,0,0,0,0
259,2017-05-27,0,0,1,3.0,1,932219.893144,10604.0,3184797.0,27,5,27,147,21,5,1,0,0,2,0,0,0,0
260,2017-05-28,0,0,1,3.0,1,1061771.636907,11854.0,3134010.0,28,5,28,148,21,6,1,0,0,2,0,0,0,0
261,2017-05-29,0,0,1,3.0,1,776813.137038,10056.0,2742993.0,29,5,29,149,22,0,0,0,0,2,0,0,0,0
262,2017-05-30,0,0,1,3.0,1,742471.2769905,12281.0,2745930.0,30,5,30,150,22,1,0,0,0,2,0,0,0,0
263,2017-05-31,0,0,1,3.0,1,858062.149411,17457.0,3081045.0,31,5,31,151,22,2,0,0,1,2,0,0,0,0
264,2017-06-01,0,0,1,3.0,1,766859.172845,3498.0,2975643.0,1,6,1,152,22,3,0,1,0,2,0,0,0,0
265,2017-06-02,0,0,1,3.0,1,918421.319125,13480.0,3030720.0,2,6,2,153,22,4,0,0,0,2,0,0,0,0
266,2017-06-03,0,0,1,3.0,1,1176138.109152,9337.0,3529845.0,3,6,3,154,22,5,1,0,0,2,0,0,0,0
267,2017-06-04,0,0,1,3.0,1,1376511.520495,10512.0,3530076.0,4,6,4,155,22,6,1,0,0,2,0,0,0,0
268,2017-06-05,0,0,1,3.0,1,912693.8511,8750.0,2913009.0,5,6,5,156,23,0,0,0,0,2,0,0,0,0
269,2017-06-06,0,0,1,3.0,1,805546.647956,11319.0,2786751.0,6,6,6,157,23,1,0,0,0,2,0,0,0,0
270,2017-06-07,0,0,1,3.0,1,842979.8370823,17369.0,2830014.0,7,6,7,158,23,2,0,0,0,2,0,0,0,0
271,2017-06-08,0,0,1,3.0,1,667099.801025,10621.0,2590500.0,8,6,8,159,23,3,0,0,0,2,0,0,0,0
272,2017-06-09,0,0,1,3.0,1,795116.1360699,15713.0,2885223.0,9,6,9,160,23,4,0,0,0,2,0,0,0,0
273,2017-06-10,0,0,1,3.0,1,993732.684049,11792.0,3290628.0,10,6,10,161,23,5,1,0,0,2,0,0,0,0
274,2017-06-11,0,0,1,3.0,1,1213673.946877,13187.0,3328248.0,11,6,11,162,23,6,1,0,0,2,0,0,0,0
275,2017-06-12,0,0,1,3.0,1,768349.7589517,10854.0,2675640.0,12,6,12,163,24,0,0,0,0,2,0,0,0,0
276,2017-06-13,0,0,1,3.0,1,729412.959849,13186.0,2675079.0,13,6,13,164,24,1,0,0,0,2,0,0,0,0
277,2017-06-14,0,0,1,3.0,1,785885.9088963,20019.0,2730816.0,14,6,14,165,24,2,0,0,0,2,0,0,0,0
278,2017-06-15,0,0,1,3.0,1,660338.346974,10081.0,2700423.0,15,6,15,166,24,3,0,0,0,2,0,0,0,0
279,2017-06-16,0,0,1,3.0,1,834786.4275550001,15820.0,3064116.0,16,6,16,167,24,4,0,0,0,2,0,0,0,0
280,2017-06-17,0,0,1,3.0,1,1096133.5508865,11567.0,3768633.0,17,6,17,168,24,5,1,0,0,2,0,0,0,0
281,2017-06-18,0,0,1,3.0,1,965144.121179,12259.0,3273369.0,18,6,18,169,24,6,1,0,0,2,0,0,0,0
282,2017-06-19,0,0,1,3.0,1,791146.393731,10399.0,2735403.0,19,6,19,170,25,0,0,0,0,2,0,0,0,0
283,2017-06-20,0,0,1,3.0,1,787326.7170395,13072.0,2755764.0,20,6,20,171,25,1,0,0,0,2,0,0,0,0
284,2017-06-21,0,0,1,3.0,1,766159.0112892,21009.0,2736657.0,21,6,21,172,25,2,0,0,0,2,0,0,0,0
285,2017-06-22,0,0,1,3.0,1,609868.8309586,11621.0,2562087.0,22,6,22,173,25,3,0,0,0,2,0,0,0,0
286,2017-06-23,0,1,0,2.0,0,761049.7450639,17672.0,2849418.0,23,6,23,174,25,4,0,0,0,2,0,0,0,0
287,2017-06-24,0,0,1,3.0,1,963268.227135,12262.0,3268881.0,24,6,24,175,25,5,1,0,0,2,0,0,0,0
288,2017-06-25,0,1,0,2.0,0,2185221.717228,26742.0,6275412.0,25,6,25,176,25,6,1,0,0,2,0,0,0,0
289,2017-06-25,0,1,0,1.0,0,1092610.858614,13371.0,3137706.0,25,6,25,176,25,6,1,0,0,2,0,0,0,0
290,2017-06-26,0,0,1,3.0,1,755367.8450665,10857.0,2687619.0,26,6,26,177,26,0,0,0,0,2,0,0,0,0
291,2017-06-27,0,0,1,3.0,1,682218.468913,13169.0,2614458.0,27,6,27,178,26,1,0,0,0,2,0,0,0,0
292,2017-06-28,0,0,1,3.0,1,731896.9850105,20138.0,2658183.0,28,6,28,179,26,2,0,0,0,2,0,0,0,0
293,2017-06-29,0,0,1,3.0,1,630811.802872,13403.0,2571426.0,29,6,29,180,26,3,0,0,0,2,0,0,0,0
294,2017-06-30,0,0,1,3.0,1,802273.1392327,18245.0,2916144.0,30,6,30,181,26,4,0,0,1,2,0,1,0,0
295,2017-07-01,0,0,1,3.0,1,1207529.921868,13017.0,3596769.0,1,7,1,182,26,5,1,1,0,3,1,0,0,0
296,2017-07-02,0,0,1,3.0,1,1296379.2175535,13882.0,3444936.0,2,7,2,183,26,6,1,0,0,3,0,0,0,0
297,2017-07-03,0,1,0,2.0,0,1850286.817632,24658.0,6004416.0,3,7,3,184,27,0,0,0,0,3,0,0,0,0
298,2017-07-04,0,0,1,3.0,1,832359.2860137,14888.0,2940597.0,4,7,4,185,27,1,0,0,0,3,0,0,0,0
299,2017-07-05,0,0,1,3.0,1,844301.613116,23049.0,2939805.0,5,7,5,186,27,2,0,0,0,3,0,0,0,0
300,2017-07-06,0,0,1,3.0,1,700272.0099567,13192.0,2736591.0,6,7,6,187,27,3,0,0,0,3,0,0,0,0
301,2017-07-07,0,0,1,3.0,1,805792.302193,18485.0,2952411.0,7,7,7,188,27,4,0,0,0,3,0,0,0,0
302,2017-07-08,0,0,1,3.0,1,998347.1930085,13428.0,3344517.0,8,7,8,189,27,5,1,0,0,3,0,0,0,0
303,2017-07-09,0,0,1,3.0,1,1100833.322376,14273.0,3225981.0,9,7,9,190,27,6,1,0,0,3,0,0,0,0
304,2017-07-10,0,0,1,3.0,1,804158.8610365,12239.0,2823051.0,10,7,10,191,28,0,0,0,0,3,0,0,0,0
305,2017-07-11,0,0,1,3.0,1,730534.767701,14429.0,2741343.0,11,7,11,192,28,1,0,0,0,3,0,0,0,0
306,2017-07-12,0,0,1,3.0,1,748799.9959087,20226.0,2777115.0,12,7,12,193,28,2,0,0,0,3,0,0,0,0
307,2017-07-13,0,0,1,3.0,1,629651.3629294999,10199.0,2597760.0,13,7,13,194,28,3,0,0,0,3,0,0,0,0
308,2017-07-14,0,0,1,3.0,1,765489.6173932999,16059.0,2893143.0,14,7,14,195,28,4,0,0,0,3,0,0,0,0
309,2017-07-15,0,0,1,3.0,1,969077.125075,11079.0,3309669.0,15,7,15,196,28,5,1,0,0,3,0,0,0,0
310,2017-07-16,0,0,1,3.0,1,1100803.699023,11720.0,3171927.0,16,7,16,197,28,6,1,0,0,3,0,0,0,0
311,2017-07-17,0,0,1,3.0,1,818325.522149,10056.0,2820741.0,17,7,17,198,29,0,0,0,0,3,0,0,0,0
312,2017-07-18,0,0,1,3.0,1,730133.70894,12065.0,2714811.0,18,7,18,199,29,1,0,0,0,3,0,0,0,0
313,2017-07-19,0,0,1,3.0,1,767978.778078,18201.0,2747745.0,19,7,19,200,29,2,0,0,0,3,0,0,0,0
314,2017-07-20,0,0,1,3.0,1,688288.067857,10708.0,2719959.0,20,7,20,201,29,3,0,0,0,3,0,0,0,0
315,2017-07-21,0,0,1,3.0,1,782418.2992188,15340.0,2924229.0,21,7,21,202,29,4,0,0,0,3,0,0,0,0
316,2017-07-22,0,0,1,3.0,1,932902.046681,10070.0,3212814.0,22,7,22,203,29,5,1,0,0,3,0,0,0,0
317,2017-07-23,0,1,0,2.0,0,1024288.741245,10870.0,3107610.0,23,7,23,204,29,6,1,0,0,3,0,0,0,0
318,2017-07-24,1,1,0,2.0,0,816564.327096,9448.0,2808960.0,24,7,24,205,30,0,0,0,0,3,0,0,0,0
319,2017-07-25,1,1,0,2.0,0,713581.632609,11325.0,2703690.0,25,7,25,206,30,1,0,0,0,3,0,0,0,0
320,2017-07-26,0,0,1,3.0,1,740653.044167,18725.0,2709729.0,26,7,26,207,30,2,0,0,0,3,0,0,0,0
321,2017-07-27,0,0,1,3.0,1,659849.8270588,8001.0,2598519.0,27,7,27,208,30,3,0,0,0,3,0,0,0,0
322,2017-07-28,0,0,1,3.0,1,835099.6822035,13850.0,2943501.0,28,7,28,209,30,4,0,0,0,3,0,0,0,0
323,2017-07-29,0,0,1,3.0,1,1032310.865737,9099.0,3307491.0,29,7,29,210,30,5,1,0,0,3,0,0,0,0
324,2017-07-30,0,0,1,3.0,1,1123752.4779517,10227.0,3131667.0,30,7,30,211,30,6,1,0,0,3,0,0,0,0
325,2017-07-31,0,0,1,3.0,1,885856.8408705,8649.0,2923569.0,31,7,31,212,31,0,0,0,1,3,0,0,0,0
326,2017-08-01,0,0,1,3.0,1,988527.763204,10150.0,3038739.0,1,8,1,213,31,1,0,1,0,3,0,0,0,0
327,2017-08-02,0,0,1,3.0,1,964712.016051,16524.0,3069759.0,2,8,2,214,31,2,0,0,0,3,0,0,0,0
328,2017-08-03,0,0,1,3.0,1,728068.485132,7859.0,2822193.0,3,8,3,215,31,3,0,0,0,3,0,0,0,0
329,2017-08-04,0,0,1,3.0,1,827775.686128,14193.0,3013065.0,4,8,4,216,31,4,0,0,0,3,0,0,0,0
330,2017-08-05,0,1,0,2.0,0,965693.650492,8684.0,3336564.0,5,8,5,217,31,5,1,0,0,3,0,0,0,0
331,2017-08-06,0,0,1,3.0,1,1049559.164277,9565.0,3173346.0,6,8,6,218,31,6,1,0,0,3,0,0,0,0
332,2017-08-07,0,0,1,3.0,1,797464.963817,8209.0,2873376.0,7,8,7,219,32,0,0,0,0,3,0,0,0,0
333,2017-08-08,0,0,1,3.0,1,717766.3491055,10638.0,2752926.0,8,8,8,220,32,1,0,0,0,3,0,0,0,0
334,2017-08-09,0,0,1,3.0,1,734139.67401,16117.0,2819916.0,9,8,9,221,32,2,0,0,0,3,0,0,0,0
335,2017-08-10,0,1,0,0.0,1,651386.9119697,7917.0,2741112.0,10,8,10,222,32,3,0,0,0,3,0,0,0,0
336,2017-08-11,1,1,1,0.0,0,826373.722022,14179.0,2955183.0,11,8,11,223,32,4,0,0,0,3,0,0,0,0
337,2017-08-12,0,0,1,3.0,1,792630.5350785,8312.0,2967591.0,12,8,12,224,32,5,1,0,0,3,0,0,0,0
338,2017-08-13,0,0,1,3.0,1,865639.677471,9283.0,2837769.0,13,8,13,225,32,6,1,0,0,3,0,0,0,0
339,2017-08-14,0,0,1,3.0,1,760922.4060808,8043.0,2819784.0,14,8,14,226,33,0,0,0,0,3,0,0,0,0
340,2017-08-15,0,1,0,2.0,0,762661.935939,10605.0,2856513.0,15,8,15,227,33,1,0,0,0,3,0,0,0,0
