,ds,holiday_0,holiday_1,holiday_2,locale,transferred,y,onpromotion,transactions
0,2013-01-01,0,0,1,0.0,0,2511.618999,0.0,25410.0
1,2013-01-02,0,1,0,3.0,0,496092.417944,0.0,3076095.0
2,2013-01-03,0,1,0,3.0,0,361461.231124,0.0,2590632.0
3,2013-01-04,0,1,0,3.0,0,354459.6770927,0.0,2590302.0
4,2013-01-05,0,1,1,0.0,0,477350.121229,0.0,3087909.0
5,2013-01-06,0,1,0,3.0,0,519695.401088,0.0,2985312.0
6,2013-01-07,0,1,0,3.0,0,336122.801066,0.0,2494701.0
7,2013-01-08,0,1,0,3.0,0,318347.777981,0.0,2386725.0
8,2013-01-09,0,1,0,3.0,0,302530.809018,0.0,2375043.0
9,2013-01-10,0,1,0,3.0,0,258982.003049,0.0,2190639.0
10,2013-01-11,0,1,0,3.0,0,289737.6850845,0.0,2321154.0
11,2013-01-12,0,1,1,0.0,0,403258.2120105,0.0,2821863.0
12,2013-01-13,0,1,0,3.0,0,464638.547998,0.0,2848098.0
13,2013-01-14,0,1,0,3.0,0,293348.362078,0.0,2312574.0
14,2013-01-15,0,1,0,3.0,0,299129.549954,0.0,2347422.0
15,2013-01-16,0,1,0,3.0,0,318347.913946,0.0,2391543.0
16,2013-01-17,0,1,0,3.0,0,267498.5159755,0.0,2272809.0
17,2013-01-18,0,1,0,3.0,0,296130.850028,0.0,2355243.0
18,2013-01-19,0,1,0,3.0,0,432459.852021,0.0,2922414.0
19,2013-01-20,0,1,0,3.0,0,461092.386047,0.0,2814273.0
20,2013-01-21,0,1,0,3.0,0,311211.26595000003,0.0,2417250.0
21,2013-01-22,0,1,0,3.0,0,296214.728983,0.0,2276604.0
22,2013-01-23,0,1,0,3.0,0,283258.4530325,0.0,2304027.0
23,2013-01-24,0,1,0,3.0,0,247245.690995,0.0,2102265.0
24,2013-01-25,0,1,0,3.0,0,290022.77193,0.0,2352009.0
25,2013-01-26,0,1,0,3.0,0,413799.7679753,0.0,2904726.0
26,2013-01-27,0,1,0,3.0,0,430411.991233,0.0,2749032.0
27,2013-01-28,0,1,0,3.0,0,285460.169953,0.0,2322837.0
28,2013-01-29,0,1,0,3.0,0,264488.81807649997,0.0,2258355.0
29,2013-01-30,0,1,0,3.0,0,281061.127052,0.0,2339304.0
30,2013-01-31,0,1,0,3.0,0,271254.217996,0.0,2318844.0
31,2013-02-01,0,1,0,3.0,0,369402.055266,0.0,2583966.0
32,2013-02-02,0,1,0,3.0,0,518887.462705,0.0,3212451.0
33,2013-02-03,0,1,0,3.0,0,486336.82018,0.0,2871858.0
34,2013-02-04,0,1,0,3.0,0,344308.715017,0.0,2485890.0
35,2013-02-05,0,1,0,3.0,0,321245.83913,0.0,2514798.0
36,2013-02-06,0,1,0,3.0,0,321538.177149,0.0,2484603.0
37,2013-02-07,0,1,0,3.0,0,290807.530973,0.0,2402037.0
38,2013-02-08,0,1,0,3.0,0,347441.789912,0.0,2630958.0
39,2013-02-09,0,1,0,3.0,0,416176.2790747,0.0,2981286.0
40,2013-02-10,0,1,0,3.0,0,300951.328993,0.0,2308779.0
41,2013-02-11,0,0,1,0.0,0,278627.588926,0.0,2218326.0
42,2013-02-12,0,0,1,0.0,0,308800.7909121,0.0,2369664.0
43,2013-02-13,0,1,0,3.0,0,319597.929962,0.0,2643234.0
44,2013-02-14,0,1,0,3.0,0,308164.016957,0.0,2926473.0
45,2013-02-15,0,1,0,3.0,0,320168.883912,0.0,2501037.0
46,2013-02-16,0,1,0,3.0,0,485660.494008,0.0,3062928.0
47,2013-02-17,0,1,0,3.0,0,399588.910014,0.0,2555817.0
48,2013-02-18,0,1,0,3.0,0,350745.573191,0.0,2522421.0
49,2013-02-19,0,1,0,3.0,0,293637.801951,0.0,2331285.0
50,2013-02-20,0,1,0,3.0,0,313803.162034,0.0,2435796.0
51,2013-02-21,0,1,0,3.0,0,267711.1090155,0.0,2252118.0
52,2013-02-22,0,1,0,3.0,0,285679.869131,0.0,2340162.0
53,2013-02-23,0,1,0,3.0,0,412897.349113,0.0,2916870.0
54,2013-02-24,0,1,0,3.0,0,452726.126103,0.0,2776125.0
55,2013-02-25,0,1,0,3.0,0,307110.875933,0.0,2381511.0
56,2013-02-26,0,1,0,3.0,0,270425.0070675,0.0,2267298.0
57,2013-02-27,0,1,0,3.0,0,288401.998919,0.0,2315610.0
58,2013-02-28,0,1,0,3.0,0,278116.291888,0.0,2303994.0
59,2013-03-01,0,1,0,3.0,0,378898.165064,0.0,2624292.0
60,2013-03-02,0,0,1,2.0,0,547857.205258,0.0,3254328.0
61,2013-03-03,0,1,0,3.0,0,559820.580027,0.0,3059628.0
62,2013-03-04,0,1,0,3.0,0,383647.679097,0.0,2609574.0
63,2013-03-05,0,1,0,3.0,0,332189.993189,0.0,2479422.0
64,2013-03-06,0,1,0,3.0,0,335726.580968,0.0,2525127.0
65,2013-03-07,0,1,0,3.0,0,293099.52701,0.0,2439030.0
66,2013-03-08,0,1,0,3.0,0,316600.679967,0.0,2581623.0
67,2013-03-09,0,1,0,3.0,0,453259.496866,0.0,3051246.0
68,2013-03-10,0,1,0,3.0,0,461859.756153,0.0,2848626.0
69,2013-03-11,0,1,0,3.0,0,318379.133021,0.0,2480313.0
70,2013-03-12,0,1,0,3.0,0,271823.37801,0.0,2288418.0
71,2013-03-13,0,1,0,3.0,0,287869.663972,0.0,2376330.0
72,2013-03-14,0,1,0,3.0,0,247541.420096,0.0,2223969.0
73,2013-03-15,0,1,0,3.0,0,315878.090213,0.0,2492589.0
74,2013-03-16,0,1,0,3.0,0,482233.433961,0.0,3032700.0
75,2013-03-17,0,1,0,3.0,0,513439.584913,0.0,2948418.0
76,2013-03-18,0,1,0,3.0,0,330283.80303,0.0,2455794.0
77,2013-03-19,0,1,0,3.0,0,294020.245897,0.0,2370753.0
78,2013-03-20,0,1,0,3.0,0,321207.006946,0.0,2446785.0
79,2013-03-21,0,1,0,3.0,0,269130.127953,0.0,2282181.0
80,2013-03-22,0,1,0,3.0,0,304100.453969,0.0,2375670.0
81,2013-03-23,0,1,0,3.0,0,453192.003086,0.0,3033459.0
82,2013-03-24,0,1,0,3.0,0,449794.636951,0.0,2753487.0
83,2013-03-25,0,1,0,3.0,0,317559.6099585,0.0,2408736.0
84,2013-03-26,0,1,0,3.0,0,275818.2359,0.0,2259477.0
85,2013-03-27,0,1,0,3.0,0,313691.148998,0.0,2443617.0
86,2013-03-28,0,1,0,3.0,0,339293.269022,0.0,2709432.0
87,2013-03-29,0,1,0,3.0,0,345513.132,0.0,2566773.0
88,2013-03-30,0,1,0,3.0,0,452661.356036,0.0,2990163.0
89,2013-03-31,0,1,0,3.0,0,462107.639956,0.0,2724579.0
90,2013-04-01,0,0,1,1.0,0,428816.447912,0.0,2695374.0
91,2013-04-02,0,1,0,3.0,0,377732.827961,0.0,2546445.0
92,2013-04-03,0,1,0,3.0,0,373731.0758793,0.0,2591622.0
93,2013-04-04,0,1,0,3.0,0,308738.385963,0.0,2383161.0
94,2013-04-05,0,1,0,3.0,0,336394.782031,0.0,2472624.0
95,2013-04-06,0,1,0,3.0,0,509424.214023,0.0,3129852.0
96,2013-04-07,0,1,0,3.0,0,519048.376884,0.0,2943039.0
97,2013-04-08,0,1,0,3.0,0,346649.815943,0.0,2480313.0
98,2013-04-09,0,1,0,3.0,0,306335.8019617,0.0,2356728.0
99,2013-04-10,0,1,0,3.0,0,312846.374941,0.0,2441637.0
100,2013-04-11,0,1,0,3.0,0,303223.41301,0.0,2372931.0
101,2013-04-12,0,0,1,2.0,0,314394.967035,0.0,2488299.0
102,2013-04-13,0,1,0,3.0,0,453442.497048,0.0,3041478.0
103,2013-04-14,0,0,1,2.0,0,478417.148813,0.0,2864499.0
104,2013-04-15,0,1,0,3.0,0,338712.458055,0.0,2516283.0
105,2013-04-16,0,1,0,3.0,0,333431.880049,0.0,2448171.0
106,2013-04-17,0,1,0,3.0,0,334990.518942,0.0,2459457.0
107,2013-04-18,0,1,0,3.0,0,281924.509951,0.0,2255319.0
108,2013-04-19,0,1,0,3.0,0,311588.70494,0.0,2412927.0
109,2013-04-20,0,1,0,3.0,0,459884.838043,0.0,3036462.0
110,2013-04-21,0,0,1,2.0,0,485721.032087,0.0,2884233.0
111,2013-04-22,0,1,0,3.0,0,328886.320986,0.0,2480181.0
112,2013-04-23,0,1,0,3.0,0,302097.8329435,0.0,2364681.0
113,2013-04-24,0,1,0,3.0,0,310555.184925,0.0,2409099.0
114,2013-04-25,0,1,0,3.0,0,268790.618996,0.0,2274261.0
115,2013-04-26,0,1,0,3.0,0,304413.556952,0.0,2402829.0
116,2013-04-27,0,1,0,3.0,0,446665.337895,0.0,2964225.0
117,2013-04-28,0,1,0,3.0,0,477623.4729303,0.0,2863509.0
118,2013-04-29,0,0,1,0.0,0,328795.874018,0.0,2376297.0
119,2013-04-30,0,1,0,3.0,0,310186.466894,0.0,2425929.0
120,2013-05-01,0,0,1,0.0,0,507974.636889,0.0,2988084.0
121,2013-05-02,0,1,0,3.0,0,348709.460063,0.0,2430087.0
122,2013-05-03,0,1,0,3.0,0,374291.2510323,0.0,2530605.0
123,2013-05-04,0,1,0,3.0,0,520339.51596499997,0.0,3190737.0
124,2013-05-05,0,1,0,3.0,0,580268.550981,0.0,3141996.0
125,2013-05-06,0,1,0,3.0,0,369869.383046,0.0,2520639.0
126,2013-05-07,0,1,0,3.0,0,317292.964148,0.0,2394579.0
127,2013-05-08,0,1,0,3.0,0,332477.410968,0.0,2468466.0
128,2013-05-09,0,1,0,3.0,0,305868.0570225,0.0,2475825.0
129,2013-05-10,0,1,0,3.0,0,335937.441949,0.0,2649306.0
130,2013-05-11,1,0,0,0.0,0,512090.58108,0.0,3678972.0
131,2013-05-12,1,0,1,0.0,0,387860.5050145,0.0,2963070.0
132,2013-05-12,0,0,1,2.0,0,387860.5050145,0.0,2963070.0
133,2013-05-13,0,1,0,3.0,0,350598.06187,0.0,2495625.0
134,2013-05-14,0,1,0,3.0,0,308469.313119,0.0,2362437.0
135,2013-05-15,0,1,0,3.0,0,329113.560081,0.0,2455233.0
136,2013-05-16,0,1,0,3.0,0,307556.946937,0.0,2352471.0
137,2013-05-17,0,1,0,3.0,0,330004.241998,0.0,2465265.0
138,2013-05-18,0,1,0,3.0,0,480969.558942,0.0,3035109.0
139,2013-05-19,0,1,0,3.0,0,518153.554009,0.0,2938023.0
140,2013-05-20,0,1,0,3.0,0,341787.214991,0.0,2462229.0
141,2013-05-21,0,1,0,3.0,0,307178.399952,0.0,2329833.0
142,2013-05-22,0,1,0,3.0,0,301785.4831075,0.0,2368179.0
143,2013-05-23,0,1,0,3.0,0,289261.058026,0.0,2337819.0
144,2013-05-24,0,0,1,0.0,0,398389.241982,0.0,2605185.0
145,2013-05-25,0,1,0,3.0,0,417930.141993,0.0,2812590.0
146,2013-05-26,0,1,0,3.0,0,450631.400068,0.0,2701677.0
147,2013-05-27,0,1,0,3.0,0,321630.8309235,0.0,2380752.0
148,2013-05-28,0,1,0,3.0,0,307329.1680565,0.0,2369433.0
149,2013-05-29,0,1,0,3.0,0,309333.380899,0.0,2441010.0
150,2013-05-30,0,1,0,3.0,0,304344.849939,0.0,2542716.0
151,2013-05-31,0,1,0,3.0,0,330257.841975,0.0,2538393.0
152,2013-06-01,0,1,0,3.0,0,566901.814988,0.0,3357420.0
153,2013-06-02,0,1,0,3.0,0,637698.494958,0.0,3234594.0
154,2013-06-03,0,1,0,3.0,0,426332.097995,0.0,2661384.0
155,2013-06-04,0,1,0,3.0,0,369705.160085,0.0,2515029.0
156,2013-06-05,0,1,0,3.0,0,361791.080915,0.0,2560965.0
157,2013-06-06,0,1,0,3.0,0,317496.765891,0.0,2385306.0
158,2013-06-07,0,1,0,3.0,0,357673.087977,0.0,2607462.0
159,2013-06-08,0,1,0,3.0,0,466292.699096,0.0,2962839.0
160,2013-06-09,0,1,0,3.0,0,526804.730256,0.0,2961783.0
161,2013-06-10,0,1,0,3.0,0,349754.291978,0.0,2460018.0
162,2013-06-11,0,1,0,3.0,0,283858.2159925,0.0,2264988.0
163,2013-06-12,0,1,0,3.0,0,320173.5779987,0.0,2421738.0
164,2013-06-13,0,1,0,3.0,0,282886.9200452,0.0,2300199.0
165,2013-06-14,0,1,0,3.0,0,326956.74210719997,0.0,2522322.0
166,2013-06-15,0,1,0,3.0,0,505950.6668701,0.0,3383853.0
167,2013-06-16,0,1,0,3.0,0,435894.082881,0.0,2898687.0
168,2013-06-17,0,1,0,3.0,0,370944.271024,0.0,2515788.0
169,2013-06-18,0,1,0,3.0,0,320885.3399215,0.0,2414907.0
170,2013-06-19,0,1,0,3.0,0,319235.25797700003,0.0,2264229.0
171,2013-06-20,0,1,0,3.0,0,293877.944015,0.0,2309472.0
172,2013-06-21,0,1,0,3.0,0,319722.6870265,0.0,2432661.0
173,2013-06-22,0,1,0,3.0,0,446347.312096,0.0,2926473.0
174,2013-06-23,0,0,1,2.0,0,504964.845142,0.0,2843016.0
175,2013-06-24,0,1,0,3.0,0,336631.9640383,0.0,2422299.0
176,2013-06-25,0,0,1,2.0,0,610239.060128,0.0,4656234.0
177,2013-06-25,0,0,1,1.0,0,305119.530064,0.0,2328117.0
178,2013-06-26,0,1,0,3.0,0,301847.2489636,0.0,2343297.0
179,2013-06-27,0,1,0,3.0,0,266525.458966,0.0,2222220.0
180,2013-06-28,0,1,0,3.0,0,324210.971803,0.0,2447676.0
181,2013-06-29,0,1,0,3.0,0,509379.108146,0.0,3086523.0
182,2013-06-30,0,1,0,3.0,0,533481.693027,0.0,2887533.0
183,2013-07-01,0,1,0,3.0,0,441758.3880965,0.0,2701050.0
184,2013-07-02,0,1,0,3.0,0,390958.38408,0.0,2613171.0
185,2013-07-03,0,0,1,2.0,0,749103.835898,0.0,5176842.0
186,2013-07-04,0,1,0,3.0,0,327020.179028,0.0,2496912.0
187,2013-07-05,0,1,0,3.0,0,351401.500074,0.0,2564430.0
188,2013-07-06,0,1,0,3.0,0,479514.493924,0.0,3040356.0
189,2013-07-07,0,1,0,3.0,0,500606.073078,0.0,2878227.0
190,2013-07-08,0,1,0,3.0,0,365452.995017,0.0,2556312.0
191,2013-07-09,0,1,0,3.0,0,317279.1449993,0.0,2410353.0
192,2013-07-10,0,1,0,3.0,0,314134.886071,0.0,2419527.0
193,2013-07-11,0,1,0,3.0,0,281750.931023,0.0,2265846.0
194,2013-07-12,0,1,0,3.0,0,308786.438133,0.0,2417613.0
195,2013-07-13,0,1,0,3.0,0,432569.1022205,0.0,2906079.0
196,2013-07-14,0,1,0,3.0,0,438722.417857,0.0,2693526.0
197,2013-07-15,0,1,0,3.0,0,348803.0469486,0.0,2531661.0
198,2013-07-16,0,1,0,3.0,0,335516.229006,0.0,2499915.0
199,2013-07-17,0,1,0,3.0,0,324313.8180255,0.0,2437347.0
200,2013-07-18,0,1,0,3.0,0,287074.8739522,0.0,2290167.0
201,2013-07-19,0,1,0,3.0,0,313332.555049,0.0,2416623.0
202,2013-07-20,0,1,0,3.0,0,435497.731013,0.0,2892549.0
203,2013-07-21,0,1,0,3.0,0,437952.624049,0.0,2666367.0
204,2013-07-22,0,1,0,3.0,0,342802.29905,0.0,2500443.0
205,2013-07-23,0,0,1,2.0,0,316257.463107,0.0,2430450.0
206,2013-07-24,1,0,0,2.0,0,309243.7899995,0.0,2404908.0
207,2013-07-25,0,0,1,2.0,0,298074.2249247,0.0,2335080.0
208,2013-07-26,0,1,0,3.0,0,318745.692921,0.0,2450910.0
209,2013-07-27,0,1,0,3.0,0,423890.5020012,0.0,2858856.0
210,2013-07-28,0,1,0,3.0,0,433358.6520873,0.0,2631057.0
211,2013-07-29,0,1,0,3.0,0,331493.2850525,0.0,2406063.0
212,2013-07-30,0,1,0,3.0,0,318553.989932,0.0,2392896.0
213,2013-07-31,0,1,0,3.0,0,357982.979012,0.0,2567829.0
214,2013-08-01,0,1,0,3.0,0,397555.3181021,0.0,2598420.0
215,2013-08-02,0,1,0,3.0,0,393831.120007,0.0,2611191.0
216,2013-08-03,0,1,0,3.0,0,516956.846013,0.0,3099558.0
217,2013-08-04,0,1,0,3.0,0,514267.27594,0.0,2864565.0
218,2013-08-05,0,0,1,2.0,0,407033.810946,0.0,2708640.0
219,2013-08-06,0,1,0,3.0,0,357263.854086,0.0,2571591.0
220,2013-08-07,0,1,0,3.0,0,351302.132003,0.0,2555058.0
221,2013-08-08,0,1,0,3.0,0,310953.0239315,0.0,2395536.0
222,2013-08-09,0,1,0,3.0,0,337521.667868,0.0,2552913.0
223,2013-08-10,0,0,1,0.0,0,434184.94409,0.0,2819652.0
224,2013-08-11,0,1,0,3.0,0,434720.3230013,0.0,2648844.0
225,2013-08-12,0,1,0,3.0,0,349539.224033,0.0,2518461.0
226,2013-08-13,0,1,0,3.0,0,317103.331061,0.0,2463780.0
227,2013-08-14,0,1,0,3.0,0,324377.386893,0.0,2448963.0
228,2013-08-15,0,0,1,2.0,0,311043.17291,0.0,2449260.0
229,2013-08-16,0,1,0,3.0,0,364487.3218839,0.0,2629044.0
230,2013-08-17,0,1,0,3.0,0,448835.3109167,0.0,2933304.0
231,2013-08-18,0,1,0,3.0,0,464053.7730675,0.0,2747151.0
232,2013-08-19,0,1,0,3.0,0,362085.52696,0.0,2544300.0
233,2013-08-20,0,1,0,3.0,0,343046.11398,0.0,2528757.0
234,2013-08-21,0,1,0,3.0,0,335724.643932,0.0,2528229.0
235,2013-08-22,0,1,0,3.0,0,306473.26098,0.0,2350260.0
236,2013-08-23,0,1,0,3.0,0,331906.369098,0.0,2502852.0
237,2013-08-24,0,0,1,2.0,0,420576.154994,0.0,2887566.0
238,2013-08-25,0,1,0,3.0,0,443694.093754,0.0,2724414.0
239,2013-08-26,0,1,0,3.0,0,347159.6410143,0.0,2513709.0
240,2013-08-27,0,1,0,3.0,0,319688.2190185,0.0,2427744.0
241,2013-08-28,0,1,0,3.0,0,319322.060993,0.0,2474307.0
242,2013-08-29,0,1,0,3.0,0,294518.685943,0.0,2372601.0
243,2013-08-30,0,1,0,3.0,0,354932.930947,0.0,2565717.0
244,2013-08-31,0,1,0,3.0,0,523631.3811059,0.0,3181200.0
245,2013-09-01,0,1,0,3.0,0,640406.221875,0.0,3163743.0
246,2013-09-02,0,1,0,3.0,0,458792.960966,0.0,2784804.0
247,2013-09-03,0,1,0,3.0,0,397680.420032,0.0,2634522.0
248,2013-09-04,0,1,0,3.0,0,392565.48591,0.0,2651880.0
249,2013-09-05,0,1,0,3.0,0,330622.779063,0.0,2465232.0
250,2013-09-06,0,1,0,3.0,0,335442.247929,0.0,2461107.0
251,2013-09-07,0,1,0,3.0,0,518584.247,0.0,3162918.0
252,2013-09-08,0,1,0,3.0,0,560852.005091,0.0,3102495.0
253,2013-09-09,0,1,0,3.0,0,377151.7070027,0.0,2546577.0
254,2013-09-10,0,1,0,3.0,0,308074.4658225,0.0,2391939.0
255,2013-09-11,0,1,0,3.0,0,323124.61885,0.0,2451471.0
256,2013-09-12,0,1,0,3.0,0,282855.730937,0.0,2259774.0
257,2013-09-13,0,1,0,3.0,0,319556.942029,0.0,2409627.0
258,2013-09-14,0,1,0,3.0,0,476364.004996,0.0,3047088.0
259,2013-09-15,0,1,0,3.0,0,532852.959041,0.0,2983530.0
260,2013-09-16,0,1,0,3.0,0,373229.840879,0.0,2547237.0
261,2013-09-17,0,1,0,3.0,0,327282.949966,0.0,2405931.0
262,2013-09-18,0,1,0,3.0,0,315687.718926,0.0,2392896.0
263,2013-09-19,0,1,0,3.0,0,279580.372008,0.0,2217897.0
264,2013-09-20,0,1,0,3.0,0,331846.9039701,0.0,2451405.0
265,2013-09-21,0,1,0,3.0,0,468298.380896,0.0,3020952.0
266,2013-09-22,0,1,0,3.0,0,502068.7019007,0.0,2887929.0
267,2013-09-23,0,1,0,3.0,0,356043.0340047,0.0,2482029.0
268,2013-09-24,0,1,0,3.0,0,303333.392926,0.0,2321484.0
269,2013-09-25,0,1,0,3.0,0,312490.104996,0.0,2363229.0
270,2013-09-26,0,1,0,3.0,0,273057.8798588,0.0,2208162.0
271,2013-09-27,0,1,0,3.0,0,320246.574024,0.0,2389497.0
272,2013-09-28,0,0,1,2.0,0,484903.6890081,0.0,3013032.0
273,2013-09-29,0,1,0,3.0,0,522868.441946,0.0,2879844.0
274,2013-09-30,0,1,0,3.0,0,367068.4500143,0.0,2457015.0
275,2013-10-01,0,1,0,3.0,0,436441.034076,0.0,2662770.0
276,2013-10-02,0,1,0,3.0,0,414455.6550375,0.0,2657160.0
277,2013-10-03,0,1,0,3.0,0,348933.24703,0.0,2435169.0
278,2013-10-04,0,1,0,3.0,0,378109.978059,0.0,2579577.0
279,2013-10-05,0,1,0,3.0,0,540156.625057,0.0,3212385.0
280,2013-10-06,0,1,0,3.0,0,553031.424016,0.0,3007719.0
281,2013-10-07,0,0,1,2.0,0,373387.109043,0.0,2550570.0
282,2013-10-08,0,1,0,3.0,0,326726.7240121,0.0,2433024.0
283,2013-10-09,0,0,1,0.0,1,322529.418957,0.0,2415798.0
284,2013-10-10,0,1,0,3.0,0,305047.0980576,0.0,2351217.0
285,2013-10-11,1,1,0,0.0,0,402913.849028,0.0,2667654.0
286,2013-10-12,0,1,0,3.0,0,426379.6909939,0.0,2805099.0
287,2013-10-13,0,1,0,3.0,0,481781.2559686,0.0,2750781.0
288,2013-10-14,0,1,0,3.0,0,342694.7209944,0.0,2395437.0
289,2013-10-15,0,1,0,3.0,0,305242.569986,0.0,2343693.0
290,2013-10-16,0,1,0,3.0,0,355696.963943,0.0,2438766.0
291,2013-10-17,0,1,0,3.0,0,312949.412961,0.0,2336598.0
292,2013-10-18,0,1,0,3.0,0,323327.873107,0.0,2370621.0
293,2013-10-19,0,1,0,3.0,0,488245.570001,0.0,3075765.0
294,2013-10-20,0,1,0,3.0,0,537713.5090483,0.0,3009930.0
295,2013-10-21,0,1,0,3.0,0,348721.327971,0.0,2453121.0
296,2013-10-22,0,1,0,3.0,0,301641.7850828,0.0,2296173.0
297,2013-10-23,0,1,0,3.0,0,323105.11598,0.0,2353593.0
298,2013-10-24,0,1,0,3.0,0,276059.0800025,0.0,2231097.0
299,2013-10-25,0,1,0,3.0,0,317570.4260338,0.0,2376330.0
300,2013-10-26,0,1,0,3.0,0,452902.363914,0.0,2951883.0
301,2013-10-27,0,1,0,3.0,0,512891.4830689,0.0,2866116.0
302,2013-10-28,0,1,0,3.0,0,346941.91396,0.0,2421342.0
303,2013-10-29,0,1,0,3.0,0,302332.9969864,0.0,2283765.0
304,2013-10-30,0,1,0,3.0,0,319494.7050373,0.0,2384118.0
305,2013-10-31,0,1,0,3.0,0,298195.433106,0.0,2361249.0
306,2013-11-01,0,1,0,3.0,0,403637.232955,0.0,2619705.0
307,2013-11-02,0,0,1,0.0,0,540615.555037,0.0,3100317.0
308,2013-11-03,0,0,1,0.0,0,602796.556029,0.0,3005805.0
309,2013-11-04,0,1,0,3.0,0,424314.167046,0.0,2627790.0
310,2013-11-05,0,1,0,3.0,0,393322.182909,0.0,2519616.0
311,2013-11-06,0,0,1,1.0,0,386426.9788195,0.0,2512884.0
312,2013-11-07,0,0,1,1.0,0,346293.3400477,0.0,2329767.0
313,2013-11-08,0,1,0,3.0,0,358473.978049,0.0,2463318.0
314,2013-11-09,0,1,0,3.0,0,513850.32307,0.0,3015111.0
315,2013-11-10,0,0,1,2.0,0,587666.490239,0.0,3025737.0
316,2013-11-11,0,0,1,2.0,0,374087.890067,0.0,2481402.0
317,2013-11-12,0,0,1,2.0,0,373277.748034,0.0,2383425.0
318,2013-11-13,0,1,0,3.0,0,332279.2568851,0.0,2362800.0
319,2013-11-14,0,1,0,3.0,0,284567.4029707,0.0,2219844.0
320,2013-11-15,0,1,0,3.0,0,349383.296052,0.0,2468532.0
321,2013-11-16,0,1,0,3.0,0,524065.5881155,0.0,3104277.0
322,2013-11-17,0,1,0,3.0,0,579209.228924,0.0,2981781.0
323,2013-11-18,0,1,0,3.0,0,391945.551999,0.0,2512389.0
324,2013-11-19,0,1,0,3.0,0,329455.2710234,0.0,2359368.0
325,2013-11-20,0,1,0,3.0,0,354337.734795,0.0,2474934.0
326,2013-11-21,0,1,0,3.0,0,298047.047965,0.0,2283534.0
327,2013-11-22,0,1,0,3.0,0,340734.213038,0.0,2424378.0
328,2013-11-23,0,1,0,3.0,0,485544.298837,0.0,3009171.0
329,2013-11-24,0,1,0,3.0,0,550925.293106,0.0,2896443.0
330,2013-11-25,0,1,0,3.0,0,365965.5090102,0.0,2440878.0
331,2013-11-26,0,1,0,3.0,0,323292.830024,0.0,2332770.0
332,2013-11-27,0,1,0,3.0,0,337083.286026,0.0,2361843.0
333,2013-11-28,0,1,0,3.0,0,305982.981947,0.0,2306568.0
334,2013-11-29,0,1,0,3.0,0,357000.404165,0.0,2468928.0
335,2013-11-30,0,1,0,3.0,0,541977.655801,0.0,3112263.0
336,2013-12-01,0,1,0,3.0,0,698217.128989,0.0,3198030.0
337,2013-12-02,0,1,0,3.0,0,495488.366984,0.0,2731344.0
338,2013-12-03,0,1,0,3.0,0,424438.046973,0.0,2634060.0
339,2013-12-04,0,1,0,3.0,0,424147.0459855,0.0,2657457.0
340,2013-12-05,1,0,0,2.0,0,386406.804985,0.0,2556378.0
341,2013-12-06,0,0,1,2.0,0,432661.755068,0.0,2665179.0
342,2013-12-07,0,1,0,3.0,0,537181.319801,0.0,3140280.0
343,2013-12-08,0,0,1,2.0,0,588855.895921,0.0,3040686.0
344,2013-12-09,0,1,0,3.0,0,442309.3141075,0.0,2649042.0
345,2013-12-10,0,1,0,3.0,0,414421.695986,0.0,2617758.0
346,2013-12-11,0,1,0,3.0,0,422957.198908,0.0,2707815.0
347,2013-12-12,0,1,0,3.0,0,384256.080979,0.0,2641485.0
348,2013-12-13,0,1,0,3.0,0,434657.0129787,0.0,2790414.0
349,2013-12-14,0,1,0,3.0,0,554911.917024,0.0,3344220.0
350,2013-12-15,0,1,0,3.0,0,642015.7758165,0.0,3373887.0
351,2013-12-16,0,1,0,3.0,0,516060.290853,0.0,3055305.0
352,2013-12-17,0,1,0,3.0,0,480470.71684249997,0.0,3105399.0
353,2013-12-18,0,1,0,3.0,0,527481.336925,0.0,3377748.0
354,2013-12-19,0,1,0,3.0,0,507461.038187,0.0,3605811.0
355,2013-12-20,0,1,0,3.0,0,544104.2676365,0.0,3505854.0
356,2013-12-21,1,0,0,0.0,0,685673.07474,0.0,4007025.0
357,2013-12-22,1,0,0,0.0,0,696295.146867,0.0,3926901.0
358,2013-12-22,0,0,1,2.0,0,696295.146867,0.0,3926901.0
359,2013-12-23,1,0,0,0.0,0,792865.284427,0.0,4813908.0
360,2013-12-24,1,0,0,0.0,0,620663.290732,0.0,5142918.0
361,2013-12-26,1,0,0,0.0,0,470731.1624137,0.0,3168066.0
362,2013-12-27,0,1,0,3.0,0,479314.968043,0.0,3244890.0
363,2013-12-28,0,1,0,3.0,0,556952.3059789999,0.0,3394314.0
364,2013-12-29,0,1,0,3.0,0,499719.5049237,0.0,2928057.0
365,2013-12-30,0,1,0,3.0,0,635134.7358515,0.0,3882285.0
366,2013-12-31,1,0,0,0.0,0,507264.6630475,0.0,3868062.0
367,2014-01-01,0,0,1,0.0,0,8602.065404,0.0,43791.0
368,2014-01-02,0,1,0,3.0,0,801011.226041,0.0,2993628.0
369,2014-01-03,0,1,0,3.0,0,680672.845603,0.0,2788104.0
370,2014-01-04,0,1,0,3.0,0,936628.8866039,0.0,3344913.0
371,2014-01-05,0,1,0,3.0,0,949618.78894,0.0,3084675.0
372,2014-01-06,0,1,0,3.0,0,602268.564009,0.0,2566872.0
373,2014-01-07,0,1,0,3.0,0,563450.5988595,0.0,2486913.0
374,2014-01-08,0,1,0,3.0,0,636176.853478,0.0,2547732.0
375,2014-01-09,0,1,0,3.0,0,496377.933414,0.0,2394975.0
376,2014-01-10,0,1,0,3.0,0,543055.329066,0.0,2484966.0
377,2014-01-11,0,1,0,3.0,0,787321.455619,0.0,3123813.0
378,2014-01-12,0,1,0,3.0,0,844633.598917,0.0,2944128.0
379,2014-01-13,0,1,0,3.0,0,555547.0150185,0.0,2494470.0
380,2014-01-14,0,1,0,3.0,0,502643.104285,0.0,2366892.0
381,2014-01-15,0,1,0,3.0,0,567067.469069,0.0,2471832.0
382,2014-01-16,0,1,0,3.0,0,502789.214207,0.0,2439162.0
383,2014-01-17,0,1,0,3.0,0,542937.915657,0.0,2491731.0
384,2014-01-18,0,1,0,3.0,0,786779.8899055,0.0,3064149.0
385,2014-01-19,0,1,0,3.0,0,851735.334091,0.0,2914329.0
386,2014-01-20,0,1,0,3.0,0,575850.061871,0.0,2470710.0
387,2014-01-21,0,1,0,3.0,0,538817.207912,0.0,2454672.0
388,2014-01-22,0,1,0,3.0,0,553097.596874,0.0,2395800.0
389,2014-01-23,0,1,0,3.0,0,460789.0398597,0.0,2305479.0
390,2014-01-24,0,1,0,3.0,0,526124.572256,0.0,2471073.0
391,2014-01-25,0,1,0,3.0,0,733880.979053,0.0,2957427.0
392,2014-01-26,0,1,0,3.0,0,814057.732862,0.0,2844138.0
393,2014-01-27,0,1,0,3.0,0,540798.833711,0.0,2436489.0
394,2014-01-28,0,1,0,3.0,0,481593.435798,0.0,2358675.0
395,2014-01-29,0,1,0,3.0,0,512853.989922,0.0,2321319.0
396,2014-01-30,0,1,0,3.0,0,453642.9707033,0.0,2301354.0
397,2014-01-31,0,1,0,3.0,0,560816.192394,0.0,2622213.0
398,2014-02-01,0,1,0,3.0,0,648870.19898,0.0,3313101.0
399,2014-02-02,0,1,0,3.0,0,619805.537102,0.0,3008181.0
400,2014-02-03,0,1,0,3.0,0,461637.5229585,0.0,2738967.0
401,2014-02-04,0,1,0,3.0,0,403189.5869763,0.0,2599542.0
402,2014-02-05,0,1,0,3.0,0,399138.3059075,0.0,2612049.0
403,2014-02-06,0,1,0,3.0,0,359139.101529,0.0,2493942.0
404,2014-02-07,0,1,0,3.0,0,389471.568011,0.0,2605614.0
405,2014-02-08,0,1,0,3.0,0,530128.059914,0.0,3059001.0
406,2014-02-09,0,1,0,3.0,0,520753.7470746,0.0,2755731.0
407,2014-02-10,0,1,0,3.0,0,396622.737011,0.0,2580303.0
408,2014-02-11,0,1,0,3.0,0,358382.7339877,0.0,2482887.0
409,2014-02-12,0,1,0,3.0,0,387758.393971,0.0,2608683.0
410,2014-02-13,0,1,0,3.0,0,347373.2985675,0.0,2736426.0
411,2014-02-14,0,1,0,3.0,0,361206.4069057,0.0,3058143.0
412,2014-02-15,0,1,0,3.0,0,538893.357859,0.0,3074775.0
413,2014-02-16,0,1,0,3.0,0,595300.23508,0.0,2911656.0
414,2014-02-17,0,1,0,3.0,0,412029.2879535,0.0,2531793.0
415,2014-02-18,0,1,0,3.0,0,365331.247942,0.0,2423454.0
416,2014-02-19,0,1,0,3.0,0,360161.6390075,0.0,2425962.0
417,2014-02-20,0,1,0,3.0,0,322451.9201135,0.0,2343792.0
418,2014-02-21,0,1,0,3.0,0,369403.653633,0.0,2480676.0
419,2014-02-22,0,1,0,3.0,0,538206.082827,0.0,3072036.0
420,2014-02-23,0,1,0,3.0,0,487896.463891,0.0,2653827.0
421,2014-02-24,0,1,0,3.0,0,404224.188997,0.0,2554233.0
422,2014-02-25,0,1,0,3.0,0,351418.110084,0.0,2398638.0
423,2014-02-26,0,1,0,3.0,0,353604.266985,0.0,2443386.0
424,2014-02-27,0,1,0,3.0,0,330330.185244,0.0,2421870.0
425,2014-02-28,0,1,0,3.0,0,425624.795466,0.0,2790843.0
426,2014-03-01,0,1,0,3.0,0,911360.2578707,0.0,3372006.0
427,2014-03-02,0,0,1,2.0,0,667413.052988,0.0,2611092.0
428,2014-03-03,0,0,1,0.0,0,613973.031386,0.0,2508627.0
429,2014-03-04,0,0,1,0.0,0,748930.902096,0.0,2699994.0
430,2014-03-05,0,1,0,3.0,0,741756.416525,0.0,2803746.0
431,2014-03-06,0,1,0,3.0,0,614082.444339,0.0,2677851.0
432,2014-03-07,0,1,0,3.0,0,598242.341178,0.0,2651913.0
433,2014-03-08,0,1,0,3.0,0,753345.259201,0.0,3113418.0
434,2014-03-09,0,1,0,3.0,0,916117.649984,0.0,3058902.0
435,2014-03-10,0,1,0,3.0,0,587414.828974,0.0,2558688.0
436,2014-03-11,0,1,0,3.0,0,539365.375063,0.0,2501169.0
437,2014-03-12,0,1,0,3.0,0,575676.797032,0.0,2502060.0
438,2014-03-13,0,1,0,3.0,0,473298.042544,0.0,2408406.0
439,2014-03-14,0,1,0,3.0,0,530515.2554715,0.0,2553738.0
440,2014-03-15,0,1,0,3.0,0,731049.789851,0.0,3021447.0
441,2014-03-16,0,1,0,3.0,0,929808.492772,0.0,3076920.0
442,2014-03-17,0,1,0,3.0,0,612719.522118,0.0,2652639.0
443,2014-03-18,0,1,0,3.0,0,537427.86875,0.0,2505096.0
444,2014-03-19,0,1,0,3.0,0,585974.657018,0.0,2538063.0
445,2014-03-20,0,1,0,3.0,0,500897.112641,0.0,2457246.0
446,2014-03-21,0,1,0,3.0,0,548811.469984,0.0,2585286.0
447,2014-03-22,0,1,0,3.0,0,771704.933772,0.0,3098337.0
448,2014-03-23,0,1,0,3.0,0,838814.636064,0.0,2939343.0
449,2014-03-24,0,1,0,3.0,0,571762.044919,0.0,2455398.0
450,2014-03-25,0,1,0,3.0,0,539861.6183493,0.0,2456982.0
451,2014-03-26,0,1,0,3.0,0,569680.543547,0.0,2471271.0
452,2014-03-27,0,1,0,3.0,0,468581.39830400003,0.0,2345607.0
453,2014-03-28,0,1,0,3.0,0,538905.781947,0.0,2579940.0
454,2014-03-29,0,1,0,3.0,0,822333.142686,0.0,3155955.0
455,2014-03-30,0,1,0,3.0,0,873958.8396415,0.0,2923206.0
456,2014-03-31,0,1,0,3.0,0,651800.509461,0.0,2714745.0
457,2014-04-01,0,0,1,1.0,0,485079.887001,8.0,2799126.0
458,2014-04-02,0,1,0,3.0,0,463917.316107,4.0,2751375.0
459,2014-04-03,0,1,0,3.0,0,388867.961418,120.0,2576079.0
460,2014-04-04,0,1,0,3.0,0,422578.745073,5.0,2696100.0
461,2014-04-05,0,1,0,3.0,0,617680.194045,7.0,3350688.0
462,2014-04-06,0,1,0,3.0,0,631888.250898,7.0,3118104.0
463,2014-04-07,0,1,0,3.0,0,426091.1040178,3.0,2672406.0
464,2014-04-08,0,1,0,3.0,0,376663.272105,8.0,2537832.0
465,2014-04-09,0,1,0,3.0,0,375309.08201199997,4.0,2585616.0
466,2014-04-10,0,1,0,3.0,0,334052.7571255,119.0,2516580.0
467,2014-04-11,0,1,0,3.0,0,379646.845927,14.0,2641749.0
468,2014-04-12,0,0,1,2.0,0,529919.922964,10.0,3164007.0
469,2014-04-13,0,1,0,3.0,0,540190.281942,16.0,2929410.0
470,2014-04-14,0,0,1,2.0,0,381386.309033,8.0,2565849.0
471,2014-04-15,0,1,0,3.0,0,364689.054991,45.0,2517174.0
472,2014-04-16,0,1,0,3.0,0,411357.084985,45.0,2680623.0
473,2014-04-17,0,1,0,3.0,0,397464.842904,455.0,2788269.0
474,2014-04-18,0,0,1,0.0,0,394392.184115,37.0,2673099.0
475,2014-04-19,0,1,0,3.0,0,496904.749136,36.0,3055437.0
476,2014-04-20,0,1,0,3.0,0,520126.3980386,56.0,2844534.0
477,2014-04-21,0,0,1,2.0,0,398677.396998,28.0,2610663.0
478,2014-04-22,0,1,0,3.0,0,370552.249018,49.0,2504337.0
479,2014-04-23,0,1,0,3.0,0,372232.595049,58.0,2486814.0
480,2014-04-24,0,1,0,3.0,0,320875.477858,460.0,2367849.0
481,2014-04-25,0,1,0,3.0,0,357173.708433,22.0,2486451.0
482,2014-04-26,0,1,0,3.0,0,497334.735036,39.0,2956008.0
483,2014-04-27,0,1,0,3.0,0,560508.420995,52.0,2923239.0
484,2014-04-28,0,1,0,3.0,0,362271.9169815,65.0,2424906.0
485,2014-04-29,0,1,0,3.0,0,326338.348031,73.0,2343495.0
486,2014-04-30,0,1,0,3.0,0,357079.964912,86.0,2469159.0
487,2014-05-01,0,0,1,0.0,0,530380.848064,547.0,2878920.0
488,2014-05-02,0,1,0,3.0,0,443284.891212,215.0,2654421.0
489,2014-05-03,0,1,0,3.0,0,610391.748971,72.0,3242316.0
490,2014-05-04,0,1,0,3.0,0,646164.863883,58.0,3074181.0
491,2014-05-05,0,1,0,3.0,0,427601.704071,67.0,2563737.0
492,2014-05-06,0,1,0,3.0,0,388945.890086,84.0,2481369.0
493,2014-05-07,0,1,0,3.0,0,391932.183945,71.0,2543211.0
494,2014-05-08,0,1,0,3.0,0,337483.713217,472.0,2420286.0
495,2014-05-09,0,1,0,3.0,0,381335.196055,218.0,2675211.0
496,2014-05-10,1,0,0,0.0,0,577012.026997,61.0,3575286.0
497,2014-05-11,1,0,1,0.0,0,454512.928937,59.0,3001185.0
498,2014-05-12,0,0,1,2.0,0,398251.889006,61.0,2508000.0
499,2014-05-13,0,1,0,3.0,0,360734.522978,65.0,2436951.0
500,2014-05-14,0,1,0,3.0,0,356373.806985,151.0,2417481.0
501,2014-05-15,0,1,0,3.0,0,332272.8296378,534.0,2319273.0
502,2014-05-16,0,1,0,3.0,0,380822.742652,1188.0,2500674.0
503,2014-05-17,0,1,0,3.0,0,537873.964019,129.0,3016464.0
504,2014-05-18,0,1,0,3.0,0,634519.7368283,139.0,3080022.0
505,2014-05-19,0,1,0,3.0,0,388814.744958,110.0,2493084.0
506,2014-05-20,0,1,0,3.0,0,354372.33997,157.0,2409759.0
507,2014-05-21,0,1,0,3.0,0,356898.483031,191.0,2422497.0
508,2014-05-22,0,1,0,3.0,0,310660.142642,1561.0,2265285.0
509,2014-05-23,0,1,0,3.0,0,349549.892726,1274.0,2372106.0
510,2014-05-24,0,0,1,0.0,0,516627.261707,220.0,2976039.0
511,2014-05-25,0,1,0,3.0,0,573412.21016,218.0,2914593.0
512,2014-05-26,0,1,0,3.0,0,373831.086112,188.0,2429691.0
513,2014-05-27,0,1,0,3.0,0,327642.143098,196.0,2318745.0
514,2014-05-28,0,1,0,3.0,0,338481.784057,192.0,2374317.0
515,2014-05-29,0,1,0,3.0,0,326624.5773325,1586.0,2469621.0
516,2014-05-30,0,1,0,3.0,0,375782.6398709,1224.0,2571690.0
517,2014-05-31,0,1,0,3.0,0,597192.467989,267.0,3201231.0
518,2014-06-01,0,1,0,3.0,0,742732.830236,123.0,3348774.0
519,2014-06-02,0,1,0,3.0,0,512725.7729758,195.0,2745369.0
520,2014-06-03,0,1,0,3.0,0,443636.187975,213.0,2628945.0
521,2014-06-04,0,1,0,3.0,0,423284.494993,236.0,2596209.0
522,2014-06-05,0,1,0,3.0,0,359474.513823,1616.0,2438106.0
523,2014-06-06,0,1,0,3.0,0,391266.125449,1264.0,2542782.0
524,2014-06-07,0,1,0,3.0,0,557142.461024,197.0,3128334.0
525,2014-06-08,0,1,0,3.0,0,626026.956957,215.0,3019797.0
526,2014-06-09,0,1,0,3.0,0,415798.946041,199.0,2533410.0
527,2014-06-10,0,1,0,3.0,0,351689.4229725,199.0,2391081.0
528,2014-06-11,0,1,0,3.0,0,373828.16418,258.0,2464803.0
529,2014-06-12,1,0,1,0.0,0,329408.06736,1979.0,2340624.0
530,2014-06-13,0,1,0,3.0,0,392308.374573,1335.0,2611158.0
531,2014-06-14,0,1,0,3.0,0,622072.988944,278.0,3505161.0
532,2014-06-15,1,0,1,0.0,0,441279.9339945,250.0,2697090.0
533,2014-06-16,0,1,0,3.0,0,447450.23987,338.0,2585781.0
534,2014-06-17,0,1,0,3.0,0,380396.036044,380.0,2461569.0
535,2014-06-18,0,1,0,3.0,0,373408.6641423,425.0,2427051.0
536,2014-06-19,0,1,0,3.0,0,332280.93509600003,2359.0,2294589.0
537,2014-06-20,1,0,1,0.0,0,369206.789547,1933.0,2463021.0
538,2014-06-21,0,1,0,3.0,0,538613.855166,308.0,2985906.0
539,2014-06-22,0,1,0,3.0,0,591184.1240535,360.0,2931390.0
540,2014-06-23,0,0,1,2.0,0,414929.6359765,237.0,2462493.0
541,2014-06-24,0,1,0,3.0,0,340464.7450455,266.0,2306271.0
542,2014-06-25,1,0,1,0.0,0,355342.398017,354.0,2434410.0
543,2014-06-25,0,0,1,2.0,0,710684.796034,708.0,4868820.0
544,2014-06-25,0,0,1,1.0,0,355342.398017,354.0,2434410.0
545,2014-06-26,0,1,0,3.0,0,315798.180924,2168.0,2250237.0
546,2014-06-27,0,1,0,3.0,0,370793.573429,2732.0,2438271.0
547,2014-06-28,1,0,1,0.0,0,510870.81398,425.0,2853477.0
548,2014-06-29,1,0,1,0.0,0,567218.8850125,302.0,2766456.0
549,2014-06-30,1,0,1,0.0,0,429324.0552005,352.0,2519187.0
550,2014-07-01,1,0,1,0.0,0,720480.616788,2320.0,2639076.0
551,2014-07-02,0,1,0,3.0,0,747430.1471275,4310.0,2741475.0
552,2014-07-03,0,0,1,2.0,0,1167689.4415844,4766.0,5088534.0
553,2014-07-04,1,0,1,0.0,0,595424.31324,4056.0,2579643.0
554,2014-07-05,1,0,1,0.0,0,817307.1101677,610.0,3053688.0
555,2014-07-06,0,1,0,3.0,0,918276.596259,583.0,3000030.0
556,2014-07-07,0,1,0,3.0,0,638526.428909,492.0,2611290.0
557,2014-07-08,1,0,1,0.0,0,557291.4975265,2183.0,2454969.0
558,2014-07-09,1,0,1,0.0,0,574451.409963,4281.0,2422893.0
559,2014-07-10,0,1,0,3.0,0,498047.54898,2465.0,2366826.0
560,2014-07-11,0,1,0,3.0,0,535644.182793,4057.0,2461338.0
561,2014-07-12,1,0,1,0.0,0,756698.7523004999,568.0,2963169.0
562,2014-07-13,1,0,1,0.0,0,733653.779849,720.0,2634720.0
563,2014-07-14,0,1,0,3.0,0,584867.15114,617.0,2518560.0
564,2014-07-15,0,1,0,3.0,0,562860.0268329,2329.0,2524401.0
565,2014-07-16,0,1,0,3.0,0,621336.4939885,4446.0,2552055.0
566,2014-07-17,0,1,0,3.0,0,498221.7050971,2416.0,2388045.0
567,2014-07-18,0,1,0,3.0,0,547619.0590519,4275.0,2534796.0
568,2014-07-19,0,1,0,3.0,0,728988.226204,759.0,2921853.0
569,2014-07-20,0,1,0,3.0,0,776474.1180457,636.0,2727780.0
570,2014-07-21,0,1,0,3.0,0,600228.430008,592.0,2562714.0
571,2014-07-22,0,1,0,3.0,0,530276.040011,2287.0,2433717.0
572,2014-07-23,0,0,1,2.0,0,574168.635995,4459.0,2453418.0
573,2014-07-24,1,0,0,2.0,0,484618.8170115,2425.0,2392929.0
574,2014-07-25,0,0,1,2.0,0,579767.285128,4395.0,2581557.0
575,2014-07-26,0,1,0,3.0,0,688919.5500267,673.0,2892681.0
576,2014-07-27,0,1,0,3.0,0,747307.86662,605.0,2703591.0
577,2014-07-28,0,1,0,3.0,0,583936.68549,557.0,2545059.0
578,2014-07-29,0,1,0,3.0,0,524743.3250017,2207.0,2429526.0
579,2014-07-30,0,1,0,3.0,0,578056.965281,4640.0,2471865.0
580,2014-07-31,0,1,0,3.0,0,532423.558194,2319.0,2489322.0
581,2014-08-01,0,1,0,3.0,0,506826.7949305,4407.0,2877468.0
582,2014-08-02,0,1,0,3.0,0,626533.637869,506.0,3222417.0
583,2014-08-03,0,1,0,3.0,0,625898.205888,453.0,2995740.0
584,2014-08-04,0,1,0,3.0,0,471173.304022,402.0,2744214.0
585,2014-08-05,0,0,1,2.0,0,417197.476176,395.0,2612874.0
586,2014-08-06,0,1,0,3.0,0,402914.370941,515.0,2599971.0
587,2014-08-07,0,1,0,3.0,0,359701.53298899997,2310.0,2462460.0
588,2014-08-08,0,1,0,3.0,0,397759.9389829,4308.0,2597034.0
589,2014-08-09,0,1,0,3.0,0,496192.787084,574.0,2904330.0
590,2014-08-10,0,0,1,0.0,0,509681.7650025,612.0,2712105.0
591,2014-08-11,0,1,0,3.0,0,409544.575013,530.0,2603964.0
592,2014-08-12,0,1,0,3.0,0,353898.211991,488.0,2418240.0
593,2014-08-13,0,1,0,3.0,0,372116.544964,623.0,2520210.0
594,2014-08-14,0,1,0,3.0,0,340740.8170565,2331.0,2434971.0
595,2014-08-15,0,0,1,2.0,0,402631.8400593,4456.0,2684385.0
596,2014-08-16,0,1,0,3.0,0,533996.15517,578.0,3029301.0
597,2014-08-17,0,1,0,3.0,0,564443.173007,559.0,2881098.0
598,2014-08-18,0,1,0,3.0,0,433042.298907,514.0,2668017.0
599,2014-08-19,0,1,0,3.0,0,379329.9530773,512.0,2550306.0
600,2014-08-20,0,1,0,3.0,0,398126.790988,582.0,2636601.0
601,2014-08-21,0,1,0,3.0,0,355108.8749955,2412.0,2482194.0
602,2014-08-22,0,1,0,3.0,0,388359.8983235,4479.0,2597265.0
603,2014-08-23,0,1,0,3.0,0,499678.208204,649.0,2957559.0
604,2014-08-24,0,0,1,2.0,0,528990.5611087,680.0,2828001.0
605,2014-08-25,0,1,0,3.0,0,412250.075007,591.0,2550471.0
606,2014-08-26,0,1,0,3.0,0,355053.9079745,516.0,2442957.0
607,2014-08-27,0,1,0,3.0,0,366321.498077,623.0,2494602.0
608,2014-08-28,0,1,0,3.0,0,327912.427,2175.0,2372601.0
609,2014-08-29,0,1,0,3.0,0,403288.917062,4268.0,2583240.0
610,2014-08-30,0,1,0,3.0,0,586373.694132,437.0,3172224.0
611,2014-08-31,0,1,0,3.0,0,660088.183052,455.0,3103056.0
612,2014-09-01,0,1,0,3.0,0,812526.219024,633.0,2902053.0
613,2014-09-02,0,1,0,3.0,0,717351.552768,2300.0,2768535.0
614,2014-09-03,0,1,0,3.0,0,726683.8617375,4724.0,2747712.0
615,2014-09-04,0,1,0,3.0,0,551340.0774347,2657.0,2519781.0
616,2014-09-05,0,1,0,3.0,0,603043.241921,4802.0,2619969.0
617,2014-09-06,0,1,0,3.0,0,870139.4459765,959.0,3202683.0
618,2014-09-07,0,1,0,3.0,0,997964.077948,942.0,3207798.0
619,2014-09-08,0,1,0,3.0,0,648651.744928,802.0,2671482.0
620,2014-09-09,0,1,0,3.0,0,562420.568002,2511.0,2496351.0
621,2014-09-10,0,1,0,3.0,0,612987.4722337,4874.0,2544630.0
622,2014-09-11,0,1,0,3.0,0,483462.953022,2737.0,2422629.0
623,2014-09-12,0,1,0,3.0,0,564382.847851,4727.0,2551692.0
624,2014-09-13,0,1,0,3.0,0,795802.238124,1018.0,3121767.0
625,2014-09-14,0,1,0,3.0,0,896501.5622945,1020.0,3025605.0
626,2014-09-15,0,1,0,3.0,0,630710.5728885,870.0,2646897.0
627,2014-09-16,0,1,0,3.0,0,608239.973016,2647.0,2594724.0
628,2014-09-17,0,1,0,3.0,0,617472.3442115,4999.0,2538822.0
629,2014-09-18,0,1,0,3.0,0,479500.843061,2683.0,2343000.0
630,2014-09-19,0,1,0,3.0,0,550213.093909,4614.0,2493975.0
631,2014-09-20,0,1,0,3.0,0,808490.763077,898.0,3107775.0
632,2014-09-21,0,1,0,3.0,0,901420.451004,975.0,3006036.0
633,2014-09-22,0,1,0,3.0,0,589120.293928,798.0,2519055.0
634,2014-09-23,0,1,0,3.0,0,559954.304399,2593.0,2465595.0
635,2014-09-24,0,1,0,3.0,0,598183.114508,4837.0,2501466.0
636,2014-09-25,0,1,0,3.0,0,466867.377076,2489.0,2335377.0
637,2014-09-26,0,1,0,3.0,0,515474.223943,4319.0,2413653.0
638,2014-09-27,0,1,0,3.0,0,781202.367982,632.0,2997423.0
639,2014-09-28,0,0,1,2.0,0,886531.789814,739.0,2965908.0
640,2014-09-29,0,1,0,3.0,0,586682.822002,582.0,2520870.0
641,2014-09-30,0,1,0,3.0,0,599093.9157257,2278.0,2568060.0
642,2014-10-01,0,1,0,3.0,0,784500.253914,4804.0,2803680.0
643,2014-10-02,0,1,0,3.0,0,634306.519052,2616.0,2625975.0
644,2014-10-03,0,1,0,3.0,0,675639.295098,4482.0,2779161.0
645,2014-10-04,0,1,0,3.0,0,931317.51302,735.0,3290694.0
646,2014-10-05,0,1,0,3.0,0,985466.962071,658.0,3116718.0
647,2014-10-06,0,1,0,3.0,0,641480.757266,606.0,2645280.0
648,2014-10-07,0,0,1,2.0,0,586410.2709706,2353.0,2576178.0
649,2014-10-08,0,1,0,3.0,0,620201.323059,4784.0,2542518.0
650,2014-10-09,0,0,1,0.0,1,510519.923104,2450.0,2449260.0
651,2014-10-10,1,1,0,0.0,0,702470.317955,4569.0,2770713.0
652,2014-10-11,0,1,0,3.0,0,748309.153739,564.0,3014880.0
653,2014-10-12,0,1,0,3.0,0,843971.132714,648.0,2862288.0
654,2014-10-13,0,1,0,3.0,0,611726.926015,565.0,2539581.0
655,2014-10-14,0,1,0,3.0,0,550589.573294,2357.0,2439393.0
656,2014-10-15,0,1,0,3.0,0,624797.469491,4945.0,2566773.0
657,2014-10-16,0,1,0,3.0,0,538252.607117,2557.0,2429856.0
658,2014-10-17,0,1,0,3.0,0,558538.135999,4551.0,2496120.0
659,2014-10-18,0,1,0,3.0,0,820840.970792,769.0,3112329.0
660,2014-10-19,0,1,0,3.0,0,935410.595877,769.0,3044118.0
661,2014-10-20,0,1,0,3.0,0,624629.990941,609.0,2580039.0
662,2014-10-21,0,1,0,3.0,0,542207.165266,2086.0,2428041.0
663,2014-10-22,0,1,0,3.0,0,584926.355993,4755.0,2435928.0
664,2014-10-23,0,1,0,3.0,0,492233.2322,2526.0,2352669.0
665,2014-10-24,0,1,0,3.0,0,528403.680064,4477.0,2424741.0
666,2014-10-25,0,1,0,3.0,0,758926.230707,1003.0,3036165.0
667,2014-10-26,0,1,0,3.0,0,892128.498949,1020.0,2981979.0
668,2014-10-27,0,1,0,3.0,0,572806.6319285,583.0,2456322.0
669,2014-10-28,0,1,0,3.0,0,512678.811505,2327.0,2389761.0
670,2014-10-29,0,1,0,3.0,0,560819.6780005,4953.0,2443221.0
671,2014-10-30,0,1,0,3.0,0,459715.26616,2357.0,2355309.0
672,2014-10-31,0,1,0,3.0,0,561876.0719155,4421.0,2619540.0
673,2014-11-01,0,1,0,3.0,0,873539.2478855,975.0,3176745.0
674,2014-11-02,0,0,1,0.0,0,709851.4922288,944.0,2580039.0
675,2014-11-03,0,0,1,0.0,0,973192.041735,690.0,3035406.0
676,2014-11-04,0,1,0,3.0,0,702751.953595,2373.0,2650527.0
677,2014-11-05,0,1,0,3.0,0,718799.9390395,4858.0,2669139.0
678,2014-11-06,0,0,1,1.0,0,566118.381055,2519.0,2492391.0
679,2014-11-07,0,0,1,1.0,0,585330.25773,4392.0,2554431.0
680,2014-11-08,0,1,0,3.0,0,816064.644983,861.0,3094212.0
681,2014-11-09,0,1,0,3.0,0,941478.422301,956.0,3051048.0
682,2014-11-10,0,0,1,2.0,0,593376.793073,540.0,2491368.0
683,2014-11-11,0,0,1,2.0,0,552505.750307,2362.0,2425368.0
684,2014-11-12,0,0,1,2.0,0,588093.484021,4810.0,2476056.0
685,2014-11-13,0,1,0,3.0,0,468057.386823,2503.0,2343231.0
686,2014-11-14,0,1,0,3.0,0,553007.970965,4434.0,2529285.0
687,2014-11-15,0,1,0,3.0,0,786124.201177,1184.0,3064611.0
688,2014-11-16,0,1,0,3.0,0,956619.401927,1058.0,3053952.0
689,2014-11-17,0,1,0,3.0,0,620876.340058,754.0,2558556.0
690,2014-11-18,0,1,0,3.0,0,553367.204141,2663.0,2452461.0
691,2014-11-19,0,1,0,3.0,0,580234.0113007,5147.0,2395404.0
692,2014-11-20,0,1,0,3.0,0,511855.7610447,2824.0,2429790.0
693,2014-11-21,0,1,0,3.0,0,567978.732759,4573.0,2554959.0
694,2014-11-22,0,1,0,3.0,0,763720.148593,868.0,3035538.0
695,2014-11-23,0,1,0,3.0,0,907432.656994,973.0,3001251.0
696,2014-11-24,0,1,0,3.0,0,610847.95702,710.0,2532123.0
697,2014-11-25,0,1,0,3.0,0,541225.608011,2544.0,2417844.0
698,2014-11-26,0,1,0,3.0,0,579125.306002,5021.0,2470545.0
699,2014-11-27,0,1,0,3.0,0,475823.897052,2774.0,2352174.0
700,2014-11-28,1,0,1,0.0,0,559619.825094,4654.0,2590797.0
701,2014-11-29,0,1,0,3.0,0,850925.105136,994.0,3184632.0
702,2014-11-30,0,1,0,3.0,0,1023691.281592,1076.0,3195951.0
703,2014-12-01,1,0,1,0.0,0,817413.561974,1423.0,2869119.0
704,2014-12-02,0,1,0,3.0,0,735319.1840285,3045.0,2801799.0
705,2014-12-03,0,1,0,3.0,0,715127.614539,5359.0,2737581.0
706,2014-12-04,0,1,0,3.0,0,578961.517004,3216.0,2618781.0
707,2014-12-05,1,0,0,2.0,0,635445.153317,4849.0,2772759.0
708,2014-12-06,0,0,1,2.0,0,829386.70612,1151.0,3153117.0
709,2014-12-07,0,1,0,3.0,0,1013889.8074,1165.0,3220371.0
710,2014-12-08,0,0,1,2.0,0,790283.289992,922.0,2844006.0
711,2014-12-09,0,1,0,3.0,0,665123.962957,2992.0,2714415.0
712,2014-12-10,0,1,0,3.0,0,732121.033873,5562.0,2774772.0
713,2014-12-11,0,1,0,3.0,0,580542.178879,3159.0,2742795.0
714,2014-12-12,0,1,0,3.0,0,642760.387245,4853.0,2858493.0
715,2014-12-13,0,1,0,3.0,0,854830.905829,1261.0,3445332.0
716,2014-12-14,0,1,0,3.0,0,999106.1325775,1410.0,3385965.0
717,2014-12-15,0,1,0,3.0,0,790182.945791,1025.0,3113088.0
718,2014-12-16,0,1,0,3.0,0,799067.056179,2973.0,3175326.0
719,2014-12-17,0,1,0,3.0,0,779966.499188,5290.0,3296271.0
720,2014-12-18,0,1,0,3.0,0,731938.479893,3179.0,3373425.0
721,2014-12-19,0,1,0,3.0,0,757349.3758179,4940.0,3438171.0
722,2014-12-20,0,1,1,0.0,0,935555.52434,1534.0,3903669.0
723,2014-12-21,1,0,0,0.0,0,1056605.2012285,1579.0,3916902.0
724,2014-12-22,1,0,0,0.0,0,1008143.3460193,1582.0,4440942.0
725,2014-12-22,0,0,1,2.0,0,1008143.3460193,1582.0,4440942.0
726,2014-12-23,1,0,0,0.0,0,1064977.9730725,3365.0,4768929.0
727,2014-12-24,1,0,0,0.0,0,965982.871715,5828.0,5166018.0
728,2014-12-26,1,0,0,0.0,0,872098.456795,5714.0,3589080.0
729,2014-12-26,1,1,1,0.0,0,872098.456795,5714.0,3589080.0
730,2014-12-27,0,1,0,3.0,0,740596.158932,1747.0,3265548.0
731,2014-12-28,0,1,0,3.0,0,716329.635071,1859.0,2867370.0
732,2014-12-29,0,1,0,3.0,0,773998.401175,1783.0,3311979.0
733,2014-12-30,0,1,0,3.0,0,912970.533204,3494.0,3864300.0
734,2014-12-31,1,0,0,0.0,0,844380.469674,5648.0,4189416.0
735,2015-01-01,0,0,1,0.0,0,12773.61698,12.0,72666.0
736,2015-01-02,1,1,1,0.0,0,657763.391981,4949.0,3194697.0
737,2015-01-03,0,1,0,3.0,0,648880.686926,1306.0,3177504.0
738,2015-01-04,0,1,0,3.0,0,730923.776022,1295.0,3118368.0
739,2015-01-05,0,1,0,3.0,0,569267.29796,1148.0,2933040.0
740,2015-01-06,0,1,0,3.0,0,477886.741053,1042.0,2725173.0
741,2015-01-07,0,1,0,3.0,0,494160.850117,1291.0,2765532.0
742,2015-01-08,0,1,0,3.0,0,417482.689131,3063.0,2556642.0
743,2015-01-09,0,1,0,3.0,0,439381.226073,4761.0,2619507.0
744,2015-01-10,0,1,1,0.0,0,569956.90801,954.0,3059661.0
745,2015-01-11,0,1,0,3.0,0,694860.9511,1058.0,3124407.0
746,2015-01-12,0,1,0,3.0,0,442845.544014,1043.0,2625381.0
747,2015-01-13,0,1,0,3.0,0,393799.993059,1213.0,2502918.0
748,2015-01-14,0,1,0,3.0,0,400923.97107,1586.0,2541099.0
749,2015-01-15,0,1,0,3.0,0,371146.144942,2608.0,2440317.0
750,2015-01-16,0,1,0,3.0,0,423599.9357975,4510.0,2512389.0
751,2015-01-17,0,1,0,3.0,0,621865.434007,712.0,3178923.0
752,2015-01-18,0,1,0,3.0,0,678277.030991,577.0,3040587.0
753,2015-01-19,0,1,0,3.0,0,448217.896919,588.0,2573373.0
754,2015-01-20,0,1,0,3.0,0,405308.77722,569.0,2501730.0
755,2015-01-21,0,1,0,3.0,0,413202.592067,697.0,2551428.0
756,2015-01-22,0,1,0,3.0,0,364862.5390355,2598.0,2413950.0
757,2015-01-23,0,1,0,3.0,0,416937.181925,4475.0,2510838.0
758,2015-01-24,0,1,0,3.0,0,588849.871003,632.0,3111636.0
759,2015-01-25,0,1,0,3.0,0,631623.951015,616.0,2950794.0
760,2015-01-26,0,1,0,3.0,0,410009.617966,540.0,2459622.0
761,2015-01-27,0,1,0,3.0,0,360009.850046,560.0,2343594.0
762,2015-01-28,0,1,0,3.0,0,376935.916035,639.0,2412564.0
763,2015-01-29,0,1,0,3.0,0,343062.160973,2696.0,2310000.0
764,2015-01-30,0,1,0,3.0,0,435899.6719165,4647.0,2623203.0
765,2015-01-31,0,1,0,3.0,0,656205.841844,763.0,3187404.0
766,2015-02-01,0,1,0,3.0,0,815294.475951,727.0,3246012.0
767,2015-02-02,0,1,0,3.0,0,538301.886974,653.0,2775861.0
768,2015-02-03,0,1,0,3.0,0,475249.842928,583.0,2652771.0
769,2015-02-04,0,1,0,3.0,0,451923.147059,687.0,2658645.0
770,2015-02-05,0,1,0,3.0,0,407491.967944,2640.0,2577828.0
771,2015-02-06,0,1,0,3.0,0,437147.54517,4645.0,2615547.0
772,2015-02-07,0,1,0,3.0,0,599911.594879,721.0,3134703.0
773,2015-02-08,0,1,0,3.0,0,622994.231951,690.0,2915880.0
774,2015-02-09,0,1,0,3.0,0,458002.152043,722.0,2639967.0
775,2015-02-10,0,1,0,3.0,0,400825.9849177,694.0,2540439.0
776,2015-02-11,0,1,0,3.0,0,400115.3330245,766.0,2577894.0
777,2015-02-12,0,1,0,3.0,0,384963.142969,2613.0,2578521.0
778,2015-02-13,0,1,0,3.0,0,493265.468013,4536.0,3158364.0
779,2015-02-14,0,1,0,3.0,0,562855.068099,697.0,3491994.0
780,2015-02-15,0,1,0,3.0,0,434886.671834,576.0,2557896.0
781,2015-02-16,0,0,1,0.0,0,420740.903983,574.0,2489487.0
782,2015-02-17,0,0,1,0.0,0,483088.13409300003,609.0,2628219.0
783,2015-02-18,0,1,0,3.0,0,497499.057967,670.0,2837736.0
784,2015-02-19,0,1,0,3.0,0,436360.905914,2616.0,2588718.0
785,2015-02-20,0,1,0,3.0,0,483681.015026,4387.0,2795958.0
786,2015-02-21,0,1,0,3.0,0,572753.075038,443.0,3059694.0
787,2015-02-22,0,1,0,3.0,0,691339.067796,573.0,3137442.0
788,2015-02-23,0,1,0,3.0,0,443349.890841,425.0,2519715.0
789,2015-02-24,0,1,0,3.0,0,407890.277971,411.0,2510145.0
790,2015-02-25,0,1,0,3.0,0,395774.954032,476.0,2483349.0
791,2015-02-26,0,1,0,3.0,0,354938.226975,2631.0,2369301.0
792,2015-02-27,0,1,0,3.0,0,436488.424914,4475.0,2653035.0
793,2015-02-28,0,1,0,3.0,0,635263.400075,504.0,3222351.0
794,2015-03-01,0,1,0,3.0,0,820434.978924,617.0,3329205.0
795,2015-03-02,0,0,1,2.0,0,546037.787999,464.0,2793417.0
796,2015-03-03,0,1,0,3.0,0,492365.24083,571.0,2742300.0
797,2015-03-04,0,1,0,3.0,0,483330.548167,608.0,2778567.0
798,2015-03-05,0,1,0,3.0,0,428599.809059,2679.0,2608320.0
799,2015-03-06,0,1,0,3.0,0,463723.974873,4451.0,2723886.0
800,2015-03-07,0,1,0,3.0,0,657377.210913,660.0,3383028.0
801,2015-03-08,0,1,0,3.0,0,659563.411966,538.0,3159354.0
802,2015-03-09,0,1,0,3.0,0,480371.950086,557.0,2744709.0
803,2015-03-10,0,1,0,3.0,0,457881.7640763,567.0,2736426.0
804,2015-03-11,0,1,0,3.0,0,425617.727075,572.0,2640792.0
805,2015-03-12,0,1,0,3.0,0,382588.6690535,2664.0,2489190.0
806,2015-03-13,0,1,0,3.0,0,434805.995204,4501.0,2646600.0
807,2015-03-14,0,1,0,3.0,0,616609.760896,649.0,3249444.0
808,2015-03-15,0,1,0,3.0,0,662700.871933,636.0,3073059.0
809,2015-03-16,0,1,0,3.0,0,466598.425914,597.0,2687190.0
810,2015-03-17,0,1,0,3.0,0,415359.51603,581.0,2563737.0
811,2015-03-18,0,1,0,3.0,0,398629.999994,600.0,2496780.0
812,2015-03-19,0,1,0,3.0,0,373324.3829895,2698.0,2455662.0
813,2015-03-20,0,1,0,3.0,0,467687.945081,4477.0,2764641.0
814,2015-03-21,0,1,0,3.0,0,624099.228222,597.0,3274689.0
815,2015-03-22,0,1,0,3.0,0,646466.401887,666.0,3095202.0
816,2015-03-23,0,1,0,3.0,0,462664.2370045,543.0,2659998.0
817,2015-03-24,0,1,0,3.0,0,407369.722015,445.0,2550669.0
818,2015-03-25,0,1,0,3.0,0,408258.189916,579.0,2568786.0
819,2015-03-26,0,1,0,3.0,0,367006.957001,2769.0,2428800.0
820,2015-03-27,0,1,0,3.0,0,436906.608975,4596.0,2671383.0
821,2015-03-28,0,1,0,3.0,0,589854.7040575,587.0,3104112.0
822,2015-03-29,0,1,0,3.0,0,641213.770163,669.0,3006432.0
823,2015-03-30,0,1,0,3.0,0,437878.834978,632.0,2551494.0
824,2015-03-31,0,1,0,3.0,0,443278.893073,590.0,2663628.0
825,2015-04-01,0,0,1,1.0,0,557223.161038,777.0,2964192.0
826,2015-04-02,0,1,0,3.0,0,524588.902022,2854.0,3002439.0
827,2015-04-03,0,0,1,0.0,0,510296.785948,4598.0,2836218.0
828,2015-04-04,0,1,0,3.0,0,653894.195903,712.0,3293829.0
829,2015-04-05,0,1,0,3.0,0,659669.577136,707.0,3008973.0
830,2015-04-06,0,1,0,3.0,0,519734.816963,578.0,2820477.0
831,2015-04-07,0,1,0,3.0,0,464788.21798,631.0,2698707.0
832,2015-04-08,0,1,0,3.0,0,461140.213006,753.0,2681646.0
833,2015-04-09,0,1,0,3.0,0,398718.315935,2883.0,2523213.0
834,2015-04-10,0,1,0,3.0,0,445869.298012,4725.0,2689830.0
835,2015-04-11,0,1,0,3.0,0,610603.017074,736.0,3212121.0
836,2015-04-12,0,0,1,2.0,0,659939.024086,715.0,3157374.0
837,2015-04-13,0,1,0,3.0,0,453724.756048,643.0,2709828.0
838,2015-04-14,0,0,1,2.0,0,403623.396979,666.0,2483052.0
839,2015-04-15,0,1,0,3.0,0,438106.287965,739.0,2648745.0
840,2015-04-16,0,1,0,3.0,0,418643.193957,3374.0,2562021.0
841,2015-04-17,0,1,0,3.0,0,456303.236748,5102.0,2663958.0
842,2015-04-18,0,1,0,3.0,0,629155.66071,1195.0,3277032.0
843,2015-04-19,0,1,0,3.0,0,684544.950159,1249.0,3128070.0
844,2015-04-20,0,1,0,3.0,0,481694.770966,1146.0,2726295.0
845,2015-04-21,0,0,1,2.0,0,426018.313035,1090.0,2580171.0
846,2015-04-22,0,1,0,3.0,0,421108.210059,1250.0,2591457.0
847,2015-04-23,0,1,0,3.0,0,392147.042002,3300.0,2484537.0
848,2015-04-24,0,1,0,3.0,0,437625.507963,5216.0,2616933.0
849,2015-04-25,0,1,0,3.0,0,588781.512939,1185.0,3153876.0
850,2015-04-26,0,1,0,3.0,0,625901.000988,1169.0,2995872.0
851,2015-04-27,0,1,0,3.0,0,425049.148087,1046.0,2557038.0
852,2015-04-28,0,1,0,3.0,0,374839.1850745,1057.0,2409429.0
853,2015-04-29,0,1,0,3.0,0,398724.330055,1012.0,2497770.0
854,2015-04-30,0,1,0,3.0,0,432612.141938,3267.0,2625612.0
855,2015-05-01,0,0,1,0.0,0,674509.400095,5555.0,3120711.0
856,2015-05-02,0,1,0,3.0,0,711052.273896,1343.0,3323628.0
857,2015-05-03,0,1,0,3.0,0,742887.785029,1381.0,3122394.0
858,2015-05-04,0,1,0,3.0,0,556245.147953,1282.0,2778534.0
859,2015-05-05,0,1,0,3.0,0,509493.227021,1240.0,2730057.0
860,2015-05-06,0,1,0,3.0,0,504999.550962,1340.0,2751870.0
861,2015-05-07,0,1,0,3.0,0,444082.309939,3372.0,2654421.0
862,2015-05-08,0,1,0,3.0,0,481304.22297,5130.0,2834436.0
863,2015-05-09,1,0,0,0.0,0,706705.4400759999,1156.0,3815328.0
864,2015-05-10,1,0,1,0.0,0,558062.273048,1024.0,3163677.0
865,2015-05-11,0,1,0,3.0,0,524864.051063,1055.0,2686662.0
866,2015-05-12,0,0,1,2.0,0,452162.874045,1014.0,2554431.0
867,2015-05-13,0,1,0,3.0,0,446915.639008,1172.0,2493315.0
868,2015-05-14,0,1,0,3.0,0,395609.666087,3153.0,2377419.0
869,2015-05-15,0,1,0,3.0,0,483535.538107,5076.0,2643531.0
870,2015-05-16,0,1,0,3.0,0,709798.552994,1196.0,3270795.0
871,2015-05-17,0,1,0,3.0,0,798186.132143,1060.0,3218193.0
872,2015-05-18,0,1,0,3.0,0,496595.01098,968.0,2653134.0
873,2015-05-19,0,1,0,3.0,0,446375.4880335,999.0,2533839.0
874,2015-05-20,0,1,0,3.0,0,466238.630977,1232.0,2599707.0
875,2015-05-21,0,1,0,3.0,0,417006.136035,3115.0,2442957.0
876,2015-05-22,0,1,0,3.0,0,458727.917031,4923.0,2584131.0
877,2015-05-23,0,1,0,3.0,0,658882.9229615,970.0,3146583.0
878,2015-05-24,0,0,1,0.0,0,738068.426823,1012.0,3095928.0
879,2015-05-25,0,1,0,3.0,0,534802.790004,941.0,2572548.0
880,2015-05-26,0,1,0,3.0,0,463132.406006,887.0,2445201.0
881,2015-05-27,0,1,0,3.0,0,481804.96096,1007.0,2513412.0
882,2015-05-28,0,1,0,3.0,0,428506.881011,3183.0,2414643.0
883,2015-05-29,0,1,0,3.0,0,560519.530038,5079.0,2741673.0
884,2015-05-30,0,1,0,3.0,0,855728.291973,992.0,3390024.0
885,2015-05-31,0,1,0,3.0,0,1023564.76704,1025.0,3565881.0
886,2015-06-01,0,1,0,3.0,0,812081.2027655,1388.0,3027156.0
887,2015-06-02,0,1,0,3.0,0,753430.6418917,3643.0,2797080.0
888,2015-06-03,0,1,0,3.0,0,747929.452075,5581.0,2736228.0
889,2015-06-04,0,1,0,3.0,0,608994.6461083,3401.0,2626404.0
890,2015-06-05,0,1,0,3.0,0,657675.126037,5144.0,2761143.0
891,2015-06-06,0,1,0,3.0,0,904437.271141,1066.0,3286272.0
892,2015-06-07,0,1,0,3.0,0,1070695.9178497,1068.0,3258090.0
893,2015-06-08,0,1,0,3.0,0,696952.81204,949.0,2676498.0
894,2015-06-09,0,1,0,3.0,0,623725.1071692,3216.0,2587233.0
895,2015-06-10,0,1,0,3.0,0,641435.3719983,5373.0,2566575.0
896,2015-06-11,0,1,0,3.0,0,510019.1489275,1369.0,2432859.0
897,2015-06-12,0,1,0,3.0,0,606616.000975,6500.0,2617956.0
898,2015-06-13,0,1,0,3.0,0,840727.775905,1564.0,3154239.0
899,2015-06-14,0,1,0,3.0,0,967745.7218685,2239.0,3083916.0
900,2015-06-15,0,1,0,3.0,0,666557.1317587,1495.0,2620959.0
901,2015-06-16,0,1,0,3.0,0,672637.824072,3629.0,2671284.0
902,2015-06-17,0,1,0,3.0,0,677171.157112,8606.0,2649009.0
903,2015-06-18,0,1,0,3.0,0,556155.0391433,1775.0,2537766.0
904,2015-06-19,0,1,0,3.0,0,659233.5706609,6748.0,2762595.0
905,2015-06-20,0,1,0,3.0,0,936951.654373,1586.0,3575946.0
906,2015-06-21,0,1,0,3.0,0,790568.421132,2389.0,3038541.0
907,2015-06-22,0,1,0,3.0,0,701208.22895,1617.0,2697915.0
908,2015-06-23,0,0,1,2.0,0,640322.326029,3756.0,2602314.0
909,2015-06-24,0,1,0,3.0,0,643411.714061,9265.0,2474307.0
910,2015-06-25,0,0,1,2.0,0,1037401.9117946,2308.0,4795626.0
911,2015-06-25,0,0,1,1.0,0,518700.9558973,1154.0,2397813.0
912,2015-06-26,0,1,0,3.0,0,593299.460788,6213.0,2579445.0
913,2015-06-27,0,1,0,3.0,0,831492.4641955,1166.0,3037716.0
914,2015-06-28,0,1,0,3.0,0,976563.5890657,1994.0,3074610.0
915,2015-06-29,0,1,0,3.0,0,639072.192193,1006.0,2539218.0
916,2015-06-30,0,1,0,3.0,0,669548.425059,2927.0,2648712.0
917,2015-07-01,0,1,0,3.0,0,885953.200992,8448.0,2940861.0
918,2015-07-02,0,1,0,3.0,0,705642.2820965,1306.0,2767446.0
919,2015-07-03,0,0,1,2.0,0,1545546.78784,12968.0,5814666.0
920,2015-07-04,0,1,0,3.0,0,1018541.84294,1252.0,3369828.0
921,2015-07-05,0,1,0,3.0,0,982427.6819,2065.0,3110184.0
922,2015-07-06,0,1,0,3.0,0,754949.70914,1033.0,2842851.0
923,2015-07-07,0,1,0,3.0,0,654821.0515315,2971.0,2531628.0
924,2015-07-08,0,1,0,3.0,0,732992.130029,8236.0,2775828.0
925,2015-07-09,0,1,0,3.0,0,605032.4963965,1214.0,2613501.0
926,2015-07-10,0,1,0,3.0,0,643986.381178,6406.0,2697189.0
927,2015-07-11,0,1,0,3.0,0,794984.703157,1137.0,3031413.0
928,2015-07-12,0,1,0,3.0,0,898731.936734,1942.0,2970132.0
929,2015-07-13,0,1,0,3.0,0,647967.077874,1009.0,2642673.0
930,2015-07-14,0,1,0,3.0,0,601452.258023,2851.0,2534334.0
931,2015-07-15,0,1,0,3.0,0,664505.1001790001,8255.0,2646699.0
932,2015-07-16,0,1,0,3.0,0,584042.727022,1225.0,2556939.0
933,2015-07-17,0,1,0,3.0,0,653452.17114,6503.0,2719200.0
934,2015-07-18,0,1,0,3.0,0,826353.336031,1126.0,3084279.0
935,2015-07-19,0,1,0,3.0,0,894707.299378,1938.0,2954919.0
936,2015-07-20,0,1,0,3.0,0,685961.243972,1357.0,2723886.0
937,2015-07-21,0,1,0,3.0,0,607836.498977,3157.0,2584428.0
938,2015-07-22,0,1,0,3.0,0,631385.408886,8415.0,2572977.0
939,2015-07-23,0,0,1,2.0,0,541511.421067,1482.0,2466552.0
940,2015-07-24,0,0,1,2.0,0,635244.2449785,6714.0,2764872.0
941,2015-07-25,0,0,1,2.0,0,797427.520942,1529.0,3065898.0
942,2015-07-26,0,1,0,3.0,0,875032.0362592,2383.0,2974884.0
943,2015-07-27,0,1,0,3.0,0,652999.1942961001,1466.0,2647920.0
944,2015-07-28,0,1,0,3.0,0,594977.6665523,3408.0,2547369.0
945,2015-07-29,0,1,0,3.0,0,625449.98155,8747.0,2597892.0
946,2015-07-30,0,1,0,3.0,0,543393.592625,1662.0,2479026.0
947,2015-07-31,0,1,0,3.0,0,695083.4489723,7021.0,2834931.0
948,2015-08-01,0,1,0,3.0,0,1044894.790061,1448.0,3475131.0
949,2015-08-02,0,1,0,3.0,0,1043495.475018,2194.0,3205422.0
950,2015-08-03,0,1,0,3.0,0,811119.83411,1405.0,2958087.0
951,2015-08-04,0,1,0,3.0,0,726613.35811,3489.0,2825229.0
952,2015-08-05,0,0,1,2.0,0,724346.594,8919.0,2802096.0
953,2015-08-06,0,1,0,3.0,0,583375.211759,1529.0,2640264.0
954,2015-08-07,0,1,0,3.0,0,663326.5180703,6744.0,2820213.0
955,2015-08-08,0,1,0,3.0,0,784099.215997,1436.0,3070452.0
956,2015-08-09,0,1,0,3.0,0,679410.125135,2287.0,2614689.0
957,2015-08-10,0,0,1,0.0,0,785477.934216,1389.0,2875191.0
958,2015-08-11,0,1,0,3.0,0,668280.357956,3358.0,2709894.0
959,2015-08-12,0,1,0,3.0,0,678064.7316857,7917.0,2713392.0
960,2015-08-13,0,1,0,3.0,0,557859.477954,1482.0,2551560.0
961,2015-08-14,0,1,0,3.0,0,734484.205049,6748.0,2807244.0
962,2015-08-15,0,0,1,2.0,0,936339.026059,1434.0,3339732.0
963,2015-08-16,0,1,0,3.0,0,913846.62503,2166.0,3029730.0
964,2015-08-17,0,1,0,3.0,0,694747.161863,1393.0,2788401.0
965,2015-08-18,0,1,0,3.0,0,629475.6430527,3316.0,2676993.0
966,2015-08-19,0,1,0,3.0,0,653733.3600063,7781.0,2683494.0
967,2015-08-20,0,1,0,3.0,0,569443.704073,1511.0,2597661.0
968,2015-08-21,0,1,0,3.0,0,653281.208151,7086.0,2813547.0
969,2015-08-22,0,1,0,3.0,0,803270.157597,1653.0,3127806.0
970,2015-08-23,0,1,0,3.0,0,865755.397429,2412.0,2958153.0
971,2015-08-24,0,0,1,2.0,0,681575.9899773,1491.0,2721246.0
972,2015-08-25,0,1,0,3.0,0,624698.33755,3525.0,2606472.0
973,2015-08-26,0,1,0,3.0,0,640075.9908365,8142.0,2594559.0
974,2015-08-27,0,1,0,3.0,0,548043.327354,1462.0,2505030.0
975,2015-08-28,0,1,0,3.0,0,635737.2322,6846.0,2695044.0
976,2015-08-29,0,1,0,3.0,0,876953.096934,1484.0,3169650.0
977,2015-08-30,0,1,0,3.0,0,975697.601858,2310.0,3052566.0
978,2015-08-31,0,1,0,3.0,0,776152.5521897,1257.0,2847933.0
979,2015-09-01,0,1,0,3.0,0,906549.992952,3595.0,2986005.0
980,2015-09-02,0,1,0,3.0,0,879033.0925,8161.0,2935449.0
981,2015-09-03,0,1,0,3.0,0,707093.042,2241.0,2745336.0
982,2015-09-04,0,1,0,3.0,0,736395.302632,7802.0,2786157.0
983,2015-09-05,0,1,0,3.0,0,1052868.394291,2570.0,3409164.0
984,2015-09-06,0,1,0,3.0,0,1147642.583011,3486.0,3315939.0
985,2015-09-07,0,1,0,3.0,0,767382.7769737,2391.0,2829024.0
986,2015-09-08,0,1,0,3.0,0,677312.236066,4385.0,2682570.0
987,2015-09-09,0,1,0,3.0,0,705633.4998935,8964.0,2675739.0
988,2015-09-10,0,1,0,3.0,0,577743.795026,2597.0,2520474.0
989,2015-09-11,0,1,0,3.0,0,651330.167952,7873.0,2663826.0
990,2015-09-12,0,1,0,3.0,0,921524.436013,2572.0,3191727.0
991,2015-09-13,0,1,0,3.0,0,1023345.318906,3511.0,3130776.0
992,2015-09-14,0,1,0,3.0,0,688405.190061,2433.0,2641914.0
993,2015-09-15,0,1,0,3.0,0,682134.3540295,4657.0,2652111.0
994,2015-09-16,0,1,0,3.0,0,742089.667998,9156.0,2702238.0
995,2015-09-17,0,1,0,3.0,0,593577.802125,2563.0,2490939.0
996,2015-09-18,0,1,0,3.0,0,653805.874946,7943.0,2660130.0
997,2015-09-19,0,1,0,3.0,0,935893.481059,2727.0,3217467.0
998,2015-09-20,0,1,0,3.0,0,1037532.860693,3551.0,3113385.0
999,2015-09-21,0,1,0,3.0,0,717725.376959,2517.0,2687157.0
1000,2015-09-22,0,1,0,3.0,0,641914.7389995,4480.0,2561064.0
1001,2015-09-23,0,1,0,3.0,0,690419.721922,9189.0,2599575.0
1002,2015-09-24,0,1,0,3.0,0,557321.610921,2352.0,2426985.0
1003,2015-09-25,0,1,0,3.0,0,646083.8750635,7739.0,2623731.0
1004,2015-09-26,0,1,0,3.0,0,890486.060145,2486.0,3114804.0
1005,2015-09-27,0,1,0,3.0,0,1018062.963565,3382.0,3066195.0
1006,2015-09-28,0,0,1,2.0,0,671261.0640092,2245.0,2547006.0
1007,2015-09-29,0,1,0,3.0,0,609130.6581453,4278.0,2447445.0
1008,2015-09-30,0,1,0,3.0,0,711182.539054,9027.0,2568984.0
1009,2015-10-01,0,1,0,3.0,0,796340.858947,2231.0,2765136.0
1010,2015-10-02,0,1,0,3.0,0,830719.387744,7801.0,2885124.0
1011,2015-10-03,0,1,0,3.0,0,1179376.177625,2220.0,3483876.0
1012,2015-10-04,0,1,0,3.0,0,1234130.938595,3011.0,3321318.0
1013,2015-10-05,0,1,0,3.0,0,809524.837996,1990.0,2845260.0
1014,2015-10-06,0,1,0,3.0,0,696169.275967,3989.0,2650890.0
1015,2015-10-07,0,0,1,2.0,0,720562.330573,8798.0,2675409.0
1016,2015-10-08,0,1,0,3.0,0,603066.030064,2042.0,2579676.0
1017,2015-10-09,0,0,1,0.0,0,873934.7190479999,7815.0,2978250.0
1018,2015-10-10,0,1,0,3.0,0,867556.973019,1969.0,3134703.0
1019,2015-10-11,0,1,0,3.0,0,973329.203973,2852.0,2999073.0
1020,2015-10-12,0,1,0,3.0,0,721634.5721813,1864.0,2640957.0
1021,2015-10-13,0,1,0,3.0,0,585141.5538577,3899.0,2388375.0
1022,2015-10-14,0,1,0,3.0,0,688198.106351,8778.0,2521035.0
1023,2015-10-15,0,1,0,3.0,0,577952.197162,1289.0,2475330.0
1024,2015-10-16,0,1,0,3.0,0,693829.351874,6959.0,2739957.0
1025,2015-10-17,0,1,0,3.0,0,958052.958031,1355.0,3262743.0
1026,2015-10-18,0,1,0,3.0,0,1071477.102879,2212.0,3175623.0
1027,2015-10-19,0,1,0,3.0,0,699259.488037,1166.0,2632971.0
1028,2015-10-20,0,1,0,3.0,0,660308.361186,3039.0,2583537.0
1029,2015-10-21,0,1,0,3.0,0,672847.3460333,7950.0,2579709.0
1030,2015-10-22,0,1,0,3.0,0,547020.0469813,1019.0,2412135.0
1031,2015-10-23,0,1,0,3.0,0,639040.6062,6519.0,2574627.0
1032,2015-10-24,0,1,0,3.0,0,859950.710621,915.0,3082794.0
1033,2015-10-25,0,1,0,3.0,0,1018783.141953,1822.0,3095367.0
1034,2015-10-26,0,1,0,3.0,0,649914.352338,842.0,2512026.0
1035,2015-10-27,0,1,0,3.0,0,587066.101075,2944.0,2436753.0
1036,2015-10-28,0,1,0,3.0,0,599388.1222552,7811.0,2450217.0
1037,2015-10-29,0,1,0,3.0,0,511860.0689186,1392.0,2328876.0
1038,2015-10-30,0,1,0,3.0,0,635875.8911987,7060.0,2678742.0
1039,2015-10-31,0,1,0,3.0,0,915956.851878,1667.0,3255483.0
1040,2015-11-01,0,1,0,3.0,0,819250.388037,2621.0,2766291.0
1041,2015-11-02,0,0,1,0.0,0,762549.794932,1715.0,2645346.0
1042,2015-11-03,0,0,1,0.0,0,1033439.132986,3898.0,3065568.0
1043,2015-11-04,0,1,0,3.0,0,855494.43996,9041.0,2823876.0
1044,2015-11-05,0,1,0,3.0,0,649662.670907,1872.0,2577399.0
1045,2015-11-06,0,0,1,1.0,0,671145.788057,7448.0,2639802.0
1046,2015-11-07,0,0,1,1.0,0,929723.344157,1881.0,3184434.0
1047,2015-11-08,0,1,0,3.0,0,1077361.9559685,2868.0,3190836.0
1048,2015-11-09,0,1,0,3.0,0,683644.901987,1707.0,2600433.0
1049,2015-11-10,0,0,1,2.0,0,623529.1790699,3788.0,2557104.0
1050,2015-11-11,0,0,1,2.0,0,689746.212316,8741.0,2555091.0
1051,2015-11-12,0,0,1,2.0,0,506937.6640027,1777.0,2402004.0
1052,2015-11-13,0,1,0,3.0,0,626674.025055,7175.0,2649636.0
1053,2015-11-14,0,1,0,3.0,0,867597.332909,2300.0,3171927.0
1054,2015-11-15,0,1,0,3.0,0,1056159.462651,3508.0,3194631.0
1055,2015-11-16,0,1,0,3.0,0,716508.7092175,2524.0,2644488.0
1056,2015-11-17,0,1,0,3.0,0,618919.988059,4525.0,2517570.0
1057,2015-11-18,0,1,0,3.0,0,683954.18795,9935.0,2586177.0
1058,2015-11-19,0,1,0,3.0,0,560452.567301,2888.0,2455530.0
1059,2015-11-20,0,1,0,3.0,0,665619.668251,8109.0,2754048.0
1060,2015-11-21,0,1,0,3.0,0,863726.8816559,2473.0,3123780.0
1061,2015-11-22,0,1,0,3.0,0,1015844.2849005,3537.0,3092001.0
1062,2015-11-23,0,1,0,3.0,0,696685.460932,2307.0,2593338.0
1063,2015-11-24,0,1,0,3.0,0,612710.200935,4508.0,2538690.0
1064,2015-11-25,0,1,0,3.0,0,658917.83013,9548.0,2617824.0
1065,2015-11-26,0,1,0,3.0,0,530358.330027,2134.0,2461338.0
1066,2015-11-27,1,0,1,0.0,0,645087.0350447,7812.0,2768370.0
1067,2015-11-28,0,1,0,3.0,0,850596.003884,2432.0,3155328.0
1068,2015-11-29,0,1,0,3.0,0,1070619.802932,3235.0,3284061.0
1069,2015-11-30,1,0,1,0.0,0,762036.1239965,2190.0,2813448.0
1070,2015-12-01,0,1,0,3.0,0,857620.9426407,5121.0,2903703.0
1071,2015-12-02,0,1,0,3.0,0,867269.5758400001,10113.0,2920764.0
1072,2015-12-03,0,1,0,3.0,0,676883.031992,2513.0,2789556.0
1073,2015-12-04,0,1,0,3.0,0,749354.1319635,8073.0,2872089.0
1074,2015-12-05,1,0,0,2.0,0,966202.367876,2404.0,3321021.0
1075,2015-12-06,0,0,1,2.0,0,1143119.31945,3188.0,3308514.0
1076,2015-12-07,0,1,0,3.0,0,822334.708983,2031.0,2917992.0
1077,2015-12-08,0,0,1,2.0,0,712569.16983,4241.0,2762298.0
1078,2015-12-09,0,1,0,3.0,0,747893.782087,9603.0,2858295.0
1079,2015-12-10,0,1,0,3.0,0,657427.1785246,2013.0,2768040.0
1080,2015-12-11,0,1,0,3.0,0,708392.807819,7574.0,2948583.0
1081,2015-12-12,0,1,0,3.0,0,915667.884291,2179.0,3412497.0
1082,2015-12-13,0,1,0,3.0,0,1059425.4213405,2924.0,3328875.0
1083,2015-12-14,0,1,0,3.0,0,811613.7221567,1672.0,2921820.0
1084,2015-12-15,0,1,0,3.0,0,779809.953397,5965.0,2960958.0
1085,2015-12-16,0,1,0,3.0,0,859930.249129,11274.0,3167109.0
1086,2015-12-17,0,1,0,3.0,0,809809.748717,2120.0,3258156.0
1087,2015-12-18,0,1,0,3.0,0,893569.902701,7493.0,3354087.0
1088,2015-12-19,0,1,0,3.0,0,1095523.5178683,2231.0,4085730.0
1089,2015-12-20,0,1,0,3.0,0,1175416.9636673,3037.0,3987819.0
1090,2015-12-21,1,0,0,0.0,0,1072887.476889,1811.0,4115463.0
1091,2015-12-22,1,0,0,0.0,0,1141861.90926,4122.0,4584393.0
1092,2015-12-22,0,0,1,2.0,0,1141861.90926,4122.0,4584393.0
1093,2015-12-23,1,0,0,0.0,0,1196146.056374,9276.0,5060154.0
1094,2015-12-24,1,0,0,0.0,0,1083680.315238,1838.0,5648577.0
1095,2015-12-26,1,0,0,0.0,0,946725.190766,1725.0,3748602.0
1096,2015-12-27,0,1,0,3.0,0,837714.129168,2582.0,3069660.0
1097,2015-12-28,0,1,0,3.0,0,789684.9127821,1316.0,3143481.0
1098,2015-12-29,0,1,0,3.0,0,870762.025758,3848.0,3452559.0
1099,2015-12-30,0,1,0,3.0,0,1030043.735764,9068.0,3925251.0
1100,2015-12-31,1,0,0,0.0,0,964641.5415009999,1638.0,4350258.0
1101,2016-01-01,0,0,1,0.0,0,16433.394,159.0,0.0
1102,2016-01-02,0,1,0,3.0,0,1066677.424862,1832.0,2297724.0
1103,2016-01-03,0,1,0,3.0,0,1226735.719895,2936.0,0.0
1104,2016-01-04,0,1,0,3.0,0,955956.875097,1741.0,588357.0
1105,2016-01-05,0,1,0,3.0,0,835320.439089,3950.0,2937594.0
1106,2016-01-06,0,1,0,3.0,0,821685.655923,8959.0,2931918.0
1107,2016-01-07,0,1,0,3.0,0,653504.3669428,1998.0,2653596.0
1108,2016-01-08,0,1,0,3.0,0,713608.3341557,7235.0,2750352.0
1109,2016-01-09,0,1,0,3.0,0,989209.458148,1793.0,3332175.0
1110,2016-01-10,0,1,0,3.0,0,1094693.83696,2700.0,3211659.0
1111,2016-01-11,0,1,0,3.0,0,705495.240963,1467.0,2656698.0
1112,2016-01-12,0,1,0,3.0,0,647058.461085,3683.0,2563968.0
1113,2016-01-13,0,1,0,3.0,0,660045.317135,8823.0,2515161.0
1114,2016-01-14,0,1,0,3.0,0,561972.62307,1917.0,2471997.0
1115,2016-01-15,0,1,0,3.0,0,671027.100027,7696.0,2742465.0
1116,2016-01-16,0,1,0,3.0,0,959827.146436,2282.0,3290034.0
1117,2016-01-17,0,1,0,3.0,0,1057997.343303,3141.0,3140115.0
1118,2016-01-18,0,1,0,3.0,0,709784.229951,2201.0,2689038.0
1119,2016-01-19,0,1,0,3.0,0,630929.75099,4738.0,2511036.0
1120,2016-01-20,0,1,0,3.0,0,738744.013045,10589.0,2738637.0
1121,2016-01-21,0,1,0,3.0,0,552820.7690359,940.0,2446653.0
1122,2016-01-22,0,1,0,3.0,0,648431.428037,6542.0,2632080.0
1123,2016-01-23,0,1,0,3.0,0,906754.833923,924.0,3155922.0
1124,2016-01-24,0,1,0,3.0,0,980927.7570135,1964.0,2962938.0
1125,2016-01-25,0,1,0,3.0,0,658090.687097,782.0,2509386.0
1126,2016-01-26,0,1,0,3.0,0,609465.787904,3075.0,2496087.0
1127,2016-01-27,0,1,0,3.0,0,647254.67807,8217.0,2538096.0
1128,2016-01-28,0,1,0,3.0,0,533709.8489592,2483.0,2412630.0
1129,2016-01-29,0,1,0,3.0,0,660492.758086,8261.0,2675673.0
1130,2016-01-30,0,1,0,3.0,0,969938.376831,2791.0,3240633.0
1131,2016-01-31,0,1,0,3.0,0,1093211.2294,3759.0,3157143.0
1132,2016-02-01,0,1,0,3.0,0,872063.3148838,2805.0,2898291.0
1133,2016-02-02,0,1,0,3.0,0,765233.207779,4924.0,2802624.0
1134,2016-02-03,0,1,0,3.0,0,772360.939004,9935.0,2795232.0
1135,2016-02-04,0,1,0,3.0,0,650328.166941,3326.0,2720718.0
1136,2016-02-05,0,1,0,3.0,0,768586.5079877,9244.0,2948715.0
1137,2016-02-06,0,1,0,3.0,0,941954.07605,3667.0,3321153.0
1138,2016-02-07,0,1,0,3.0,0,697791.630994,4184.0,2603172.0
1139,2016-02-08,0,0,1,0.0,0,636542.677274,3245.0,2476551.0
1140,2016-02-09,0,0,1,0.0,0,746939.64016,5542.0,2614326.0
1141,2016-02-10,0,1,0,3.0,0,790988.713851,10965.0,2861760.0
1142,2016-02-11,0,1,0,3.0,0,646376.371075,5650.0,2687652.0
1143,2016-02-12,0,1,0,3.0,0,698152.0698755,11248.0,2885883.0
1144,2016-02-13,0,1,0,3.0,0,859023.0269945,6018.0,3361017.0
1145,2016-02-14,0,1,0,3.0,0,940214.498527,6966.0,3282246.0
1146,2016-02-15,0,1,0,3.0,0,746671.290005,5744.0,2748669.0
1147,2016-02-16,0,1,0,3.0,0,719111.88609,6223.0,2679336.0
1148,2016-02-17,0,1,0,3.0,0,723794.722013,11241.0,2672868.0
1149,2016-02-18,0,1,0,3.0,0,570072.678149,3949.0,2468301.0
1150,2016-02-19,0,1,0,3.0,0,672510.133621,9501.0,2724612.0
1151,2016-02-20,0,1,0,3.0,0,883790.2212395,4278.0,3152589.0
1152,2016-02-21,0,1,0,3.0,0,991384.2700283,5431.0,3020589.0
1153,2016-02-22,0,1,0,3.0,0,698907.63622,4009.0,2632575.0
1154,2016-02-23,0,1,0,3.0,0,641329.0610941,6027.0,2563176.0
1155,2016-02-24,0,1,0,3.0,0,675573.377814,11117.0,2586012.0
1156,2016-02-25,0,1,0,3.0,0,557959.327812,3236.0,2442957.0
1157,2016-02-26,0,1,0,3.0,0,641922.8016649,9782.0,2646600.0
1158,2016-02-27,0,1,0,3.0,0,916704.0687289999,5172.0,3156747.0
1159,2016-02-28,0,1,0,3.0,0,994502.727301,6156.0,2971947.0
1160,2016-02-29,0,1,0,3.0,0,726619.7578255,3956.0,2645016.0
1161,2016-03-01,0,1,0,3.0,0,897927.643296,6666.0,2896047.0
1162,2016-03-02,0,0,1,2.0,0,878452.364907,11706.0,2929707.0
1163,2016-03-03,0,1,0,3.0,0,671564.7523075,3490.0,2632971.0
1164,2016-03-04,0,1,0,3.0,0,747546.7958183,9322.0,2854269.0
1165,2016-03-05,0,1,0,3.0,0,1028620.677053,3909.0,3371610.0
1166,2016-03-06,0,1,0,3.0,0,1078958.5091855,4730.0,3140874.0
1167,2016-03-07,0,1,0,3.0,0,738126.524119,3446.0,2794473.0
1168,2016-03-08,0,1,0,3.0,0,642291.3448895,5398.0,2775663.0
1169,2016-03-09,0,1,0,3.0,0,694645.8489091,10754.0,2626140.0
1170,2016-03-10,0,1,0,3.0,0,572491.856825,3430.0,2537007.0
1171,2016-03-11,0,1,0,3.0,0,664893.5129268001,9111.0,2737746.0
1172,2016-03-12,0,1,0,3.0,0,898101.109871,3825.0,3210075.0
1173,2016-03-13,0,1,0,3.0,0,954980.3301475,4613.0,2984355.0
1174,2016-03-14,0,1,0,3.0,0,668066.393105,3453.0,2604492.0
1175,2016-03-15,0,1,0,3.0,0,668186.702459,5709.0,2628483.0
1176,2016-03-16,0,1,0,3.0,0,739805.377693,10828.0,2698014.0
1177,2016-03-17,0,1,0,3.0,0,580452.5319757,4979.0,2516844.0
1178,2016-03-18,0,1,0,3.0,0,666756.8191527,9539.0,2744907.0
1179,2016-03-19,0,1,0,3.0,0,895038.512068,4430.0,3193839.0
1180,2016-03-20,0,1,0,3.0,0,929605.582019,5296.0,2962377.0
1181,2016-03-21,0,1,0,3.0,0,690469.800941,4119.0,2679105.0
1182,2016-03-22,0,1,0,3.0,0,622695.8369947,5900.0,2554497.0
1183,2016-03-23,0,1,0,3.0,0,714881.17408,11249.0,2716923.0
1184,2016-03-24,0,1,0,3.0,0,660489.8450025,2340.0,2865522.0
1185,2016-03-25,0,0,1,0.0,0,633524.200062,7584.0,2601456.0
1186,2016-03-26,0,1,0,3.0,0,800133.5174955,2400.0,3010656.0
1187,2016-03-27,0,1,0,3.0,0,833336.064862,3329.0,2716065.0
1188,2016-03-28,0,1,0,3.0,0,661057.8656583,2380.0,2529351.0
1189,2016-03-29,0,1,0,3.0,0,621166.0630926,4467.0,2500806.0
1190,2016-03-30,0,1,0,3.0,0,660138.988943,9807.0,2496648.0
1191,2016-03-31,0,1,0,3.0,0,617374.3379607,3581.0,2541792.0
1192,2016-04-01,0,0,1,1.0,0,872467.3200749999,9793.0,2938815.0
1193,2016-04-02,0,1,0,3.0,0,1150824.580929,3941.0,3446883.0
1194,2016-04-03,0,1,0,3.0,0,1266908.291001,5092.0,3406590.0
1195,2016-04-04,0,1,0,3.0,0,795237.1920634999,3643.0,2805561.0
1196,2016-04-05,0,1,0,3.0,0,725750.101045,5677.0,2726757.0
1197,2016-04-06,0,1,0,3.0,0,744784.8430795,11186.0,2686266.0
1198,2016-04-07,0,1,0,3.0,0,587939.720177,3080.0,2532288.0
1199,2016-04-08,0,1,0,3.0,0,689727.1961377,9240.0,2756589.0
1200,2016-04-09,0,1,0,3.0,0,927981.389244,4143.0,3215982.0
1201,2016-04-10,0,1,0,3.0,0,1008876.737901,5403.0,3035241.0
1202,2016-04-11,0,1,0,3.0,0,665348.963943,4377.0,2569380.0
1203,2016-04-12,0,0,1,2.0,0,651657.0342615,6825.0,2721972.0
1204,2016-04-13,0,1,0,3.0,0,672611.48105,12374.0,2628681.0
1205,2016-04-14,0,0,1,2.0,0,546785.2089455,3484.0,2451603.0
1206,2016-04-15,0,1,0,3.0,0,667606.299867,9158.0,2730783.0
1207,2016-04-16,1,0,1,0.0,0,862121.492036,3954.0,2980329.0
1208,2016-04-17,1,0,1,0.0,0,1271833.739255,4986.0,3069594.0
1209,2016-04-18,1,0,1,0.0,0,1345920.6048929,4075.0,3417447.0
1210,2016-04-19,1,0,1,0.0,0,1152089.208085,6110.0,3276537.0
1211,2016-04-20,1,0,1,0.0,0,1062426.2900389,12650.0,3137607.0
1212,2016-04-21,1,0,1,0.0,0,1001079.779168,5526.0,2822589.0
1213,2016-04-21,0,0,1,2.0,0,1001079.779168,5526.0,2822589.0
1214,2016-04-22,1,0,1,0.0,0,857059.24399,11038.0,2859846.0
1215,2016-04-23,1,0,1,0.0,0,1022143.1346499,5737.0,3315444.0
1216,2016-04-24,1,0,1,0.0,0,1039369.932014,6762.0,3101769.0
1217,2016-04-25,1,0,1,0.0,0,680000.753839,5125.0,2583933.0
1218,2016-04-26,1,0,1,0.0,0,704799.4182328,7306.0,2548194.0
1219,2016-04-27,1,0,1,0.0,0,670288.098041,13522.0,2553177.0
1220,2016-04-28,1,0,1,0.0,0,543339.849013,6363.0,2407581.0
1221,2016-04-29,1,0,1,0.0,0,708711.428894,14393.0,2729463.0
1222,2016-04-30,1,0,1,0.0,0,1067335.770093,10349.0,3392400.0
1223,2016-05-01,1,0,1,0.0,0,1270121.20756,12056.0,3366396.0
1224,2016-05-01,0,0,1,0.0,0,1270121.20756,12056.0,3366396.0
1225,2016-05-02,1,0,1,0.0,0,973985.670432,9677.0,2813547.0
1226,2016-05-03,1,0,1,0.0,0,792205.5501393,12286.0,2821500.0
1227,2016-05-04,1,0,1,0.0,0,798654.4540987,17422.0,2844831.0
1228,2016-05-05,1,0,1,0.0,0,648701.6029645,9971.0,2712534.0
1229,2016-05-06,1,0,1,0.0,0,761422.5161262,16096.0,3008247.0
1230,2016-05-07,1,0,0,0.0,0,1071192.776983,10650.0,3901326.0
1231,2016-05-07,1,0,1,0.0,0,1071192.776983,10650.0,3901326.0
1232,2016-05-08,1,0,1,0.0,0,1641649.2761366,21472.0,6410712.0
1233,2016-05-09,1,0,1,0.0,0,771767.6541339,10233.0,2707419.0
1234,2016-05-10,1,0,1,0.0,0,693010.486981,12099.0,2580402.0
1235,2016-05-11,1,0,1,0.0,0,727543.4630335,15793.0,2665113.0
1236,2016-05-12,1,0,1,0.0,0,603394.2070997,8951.0,2511267.0
1237,2016-05-12,0,0,1,2.0,0,603394.2070997,8951.0,2511267.0
1238,2016-05-13,1,0,1,0.0,0,666833.8999414,14003.0,2714745.0
1239,2016-05-14,1,0,1,0.0,0,932869.5212631,9545.0,3225915.0
1240,2016-05-15,1,0,1,0.0,0,1070331.66738,10418.0,3165030.0
1241,2016-05-16,1,0,1,0.0,0,748112.686851,8877.0,2677257.0
1242,2016-05-17,0,1,0,3.0,0,661930.83884,10975.0,2586276.0
1243,2016-05-18,0,1,0,3.0,0,671232.9593407,14599.0,2460216.0
1244,2016-05-19,0,1,0,3.0,0,581470.5602065,8973.0,2469258.0
1245,2016-05-20,0,1,0,3.0,0,706024.0579254,14004.0,2778105.0
1246,2016-05-21,0,1,0,3.0,0,910757.16309,9307.0,3202749.0
1247,2016-05-22,0,1,0,3.0,0,1030671.62292,10339.0,3089757.0
1248,2016-05-23,0,1,0,3.0,0,695004.681298,8534.0,2626635.0
1249,2016-05-24,0,0,1,0.0,1,606377.2052165,10606.0,2449425.0
1250,2016-05-25,0,1,0,3.0,0,637512.038734,15657.0,2476287.0
1251,2016-05-26,0,1,0,3.0,0,571968.623123,10758.0,2452824.0
1252,2016-05-27,1,1,0,0.0,0,852689.219312,17133.0,2923140.0
1253,2016-05-28,0,1,0,3.0,0,816187.2200643,11524.0,2939838.0
1254,2016-05-29,0,1,0,3.0,0,959853.658039,12737.0,2890998.0
1255,2016-05-30,0,1,0,3.0,0,752452.419172,11392.0,2648217.0
1256,2016-05-31,0,1,0,3.0,0,974327.9898907,14668.0,3068571.0
1257,2016-06-01,0,1,0,3.0,0,811525.320315,15912.0,2922942.0
1258,2016-06-02,0,1,0,3.0,0,694535.9356793,8059.0,2619969.0
1259,2016-06-03,0,1,0,3.0,0,742363.085208,11747.0,2796651.0
1260,2016-06-04,0,1,0,3.0,0,1011996.61607,6666.0,3320031.0
1261,2016-06-05,0,1,0,3.0,0,1123734.4361,7628.0,3214794.0
1262,2016-06-06,0,1,0,3.0,0,729894.222866,6262.0,2667720.0
1263,2016-06-07,0,1,0,3.0,0,658714.653306,8345.0,2578158.0
1264,2016-06-08,0,1,0,3.0,0,696747.5498651,13972.0,2639901.0
1265,2016-06-09,0,1,0,3.0,0,547139.6129411,6261.0,2434905.0
1266,2016-06-10,0,1,0,3.0,0,637354.31962,12011.0,2650098.0
1267,2016-06-11,0,1,0,3.0,0,845838.2061645,7639.0,3084609.0
1268,2016-06-12,0,1,0,3.0,0,947479.764963,8585.0,2961420.0
1269,2016-06-13,0,1,0,3.0,0,685382.193062,7235.0,2522784.0
1270,2016-06-14,0,1,0,3.0,0,622267.7731045,9714.0,2503842.0
1271,2016-06-15,0,1,0,3.0,0,708327.6370845,16034.0,2636865.0
1272,2016-06-16,0,1,0,3.0,0,620526.243001,7642.0,2659965.0
1273,2016-06-17,0,1,0,3.0,0,737897.438279,13274.0,2825262.0
1274,2016-06-18,0,1,0,3.0,0,972971.109711,8524.0,3544794.0
1275,2016-06-19,0,1,0,3.0,0,837363.023871,8814.0,3051477.0
1276,2016-06-20,0,1,0,3.0,0,735754.3648971,7609.0,2647458.0
1277,2016-06-21,0,1,0,3.0,0,679248.0220203,9623.0,2583174.0
1278,2016-06-22,0,1,0,3.0,0,677730.6512057,15476.0,2549580.0
1279,2016-06-23,0,0,1,2.0,0,559653.337429,6384.0,2387748.0
1280,2016-06-24,0,1,0,3.0,0,641812.675912,11846.0,2591061.0
1281,2016-06-25,0,0,1,2.0,0,1720593.669925,13968.0,6012204.0
1282,2016-06-25,0,0,1,1.0,0,860296.8349625,6984.0,3006102.0
1283,2016-06-26,0,1,0,3.0,0,954344.666933,8257.0,2910897.0
1284,2016-06-27,0,1,0,3.0,0,684735.608995,6513.0,2500773.0
1285,2016-06-28,0,1,0,3.0,0,596948.934953,8118.0,2434971.0
1286,2016-06-29,0,1,0,3.0,0,632489.476942,13620.0,2519550.0
1287,2016-06-30,0,1,0,3.0,0,554144.864923,6662.0,2437578.0
1288,2016-07-01,0,1,0,3.0,0,857027.5539605,12713.0,2960463.0
1289,2016-07-02,0,1,0,3.0,0,1078485.141848,7331.0,3362766.0
1290,2016-07-03,0,0,1,2.0,0,2253427.41589,16140.0,6338706.0
1291,2016-07-04,0,1,0,3.0,0,850891.598845,6906.0,2804736.0
1292,2016-07-05,0,1,0,3.0,0,728011.558041,9188.0,2708937.0
1293,2016-07-06,0,1,0,3.0,0,752110.940641,16405.0,2743455.0
1294,2016-07-07,0,1,0,3.0,0,591702.7820185,5265.0,2511531.0
1295,2016-07-08,0,1,0,3.0,0,688563.400224,12532.0,2757249.0
1296,2016-07-09,0,1,0,3.0,0,868259.9708787,7671.0,3102858.0
1297,2016-07-10,0,1,0,3.0,0,932486.3001359,8786.0,2928816.0
1298,2016-07-11,0,1,0,3.0,0,688436.1450485,7134.0,2605086.0
1299,2016-07-12,0,1,0,3.0,0,627039.780111,8817.0,2516811.0
1300,2016-07-13,0,1,0,3.0,0,642494.4024465,13382.0,2513709.0
1301,2016-07-14,0,1,0,3.0,0,535124.328126,5346.0,2412102.0
1302,2016-07-15,0,1,0,3.0,0,675032.4290353,11407.0,2710752.0
1303,2016-07-16,0,1,0,3.0,0,887192.885063,6365.0,3118599.0
1304,2016-07-17,0,1,0,3.0,0,932586.6967328,7336.0,2899809.0
1305,2016-07-18,0,1,0,3.0,0,702619.751022,5892.0,2650824.0
1306,2016-07-19,0,1,0,3.0,0,633176.2922806,7823.0,2541759.0
1307,2016-07-20,0,1,0,3.0,0,686848.847004,13216.0,2681778.0
1308,2016-07-21,0,1,0,3.0,0,578823.6890245,5644.0,2450712.0
1309,2016-07-22,0,1,0,3.0,0,646633.655341,10352.0,2657523.0
1310,2016-07-23,0,0,1,2.0,0,822292.472006,5882.0,3012933.0
1311,2016-07-24,1,0,0,2.0,0,847867.677942,6813.0,2808498.0
1312,2016-07-24,1,1,0,2.0,0,847867.677942,6813.0,2808498.0
1313,2016-07-25,0,0,1,2.0,1,697383.602092,5681.0,2613699.0
1314,2016-07-26,0,1,0,3.0,0,622771.923903,7550.0,2525292.0
1315,2016-07-27,0,1,0,3.0,0,651121.9849837,10781.0,2565123.0
1316,2016-07-28,0,1,0,3.0,0,533256.2493581,5647.0,2373855.0
1317,2016-07-29,0,1,0,3.0,0,669585.8378729,11243.0,2710620.0
1318,2016-07-30,0,1,0,3.0,0,910213.871959,6377.0,3176217.0
1319,2016-07-31,0,1,0,3.0,0,997916.9572141,7050.0,3009006.0
1320,2016-08-01,0,1,0,3.0,0,895580.405053,5349.0,2892021.0
1321,2016-08-02,0,1,0,3.0,0,777592.8388893,7884.0,2806452.0
1322,2016-08-03,0,1,0,3.0,0,779844.8100532,13361.0,2789556.0
1323,2016-08-04,0,1,0,3.0,0,622883.098161,5955.0,2591028.0
1324,2016-08-05,0,0,1,2.0,0,704092.7391311,11624.0,2792328.0
1325,2016-08-06,0,1,0,3.0,0,858903.2119025,6266.0,3073818.0
1326,2016-08-07,0,1,0,3.0,0,904321.436838,7562.0,2884299.0
1327,2016-08-08,0,1,0,3.0,0,715195.5388238,6231.0,2675376.0
1328,2016-08-09,0,1,0,3.0,0,635538.981035,8593.0,2545389.0
1329,2016-08-10,0,0,1,0.0,1,658457.436112,13998.0,2607198.0
1330,2016-08-11,0,1,0,3.0,0,596729.279945,6448.0,2572185.0
1331,2016-08-12,1,1,0,0.0,0,745662.5051491,11760.0,2753025.0
1332,2016-08-13,0,1,0,3.0,0,714905.9190669,6521.0,2794605.0
1333,2016-08-14,0,1,0,3.0,0,761826.1289779,7400.0,2589576.0
1334,2016-08-15,0,0,1,2.0,0,720032.299881,6925.0,2685507.0
1335,2016-08-16,0,1,0,3.0,0,718671.651353,8896.0,2675079.0
1336,2016-08-17,0,1,0,3.0,0,725945.703034,14445.0,2686365.0
1337,2016-08-18,0,1,0,3.0,0,577350.5209386,6847.0,2480247.0
1338,2016-08-19,0,1,0,3.0,0,678767.115815,12171.0,2706693.0
1339,2016-08-20,0,1,0,3.0,0,828986.33584,7317.0,3029334.0
1340,2016-08-21,0,1,0,3.0,0,901870.149939,8091.0,2877204.0
1341,2016-08-22,0,1,0,3.0,0,714866.233843,6907.0,2660592.0
1342,2016-08-23,0,1,0,3.0,0,660819.9779755,8720.0,2591523.0
1343,2016-08-24,0,0,1,2.0,0,674613.0479498,13484.0,2588322.0
1344,2016-08-25,0,1,0,3.0,0,554421.529139,5714.0,2433618.0
1345,2016-08-26,0,1,0,3.0,0,646698.272887,11058.0,2624853.0
1346,2016-08-27,0,1,0,3.0,0,791047.534486,6313.0,2898753.0
1347,2016-08-28,0,1,0,3.0,0,858802.419759,7180.0,2760318.0
1348,2016-08-29,0,1,0,3.0,0,671845.736816,6096.0,2501334.0
1349,2016-08-30,0,1,0,3.0,0,624711.335056,8397.0,2476419.0
1350,2016-08-31,0,1,0,3.0,0,731430.1240452,14079.0,2648646.0
1351,2016-09-01,0,1,0,3.0,0,718105.570925,6204.0,2668479.0
1352,2016-09-02,0,1,0,3.0,0,837129.587642,11445.0,2906244.0
1353,2016-09-03,0,1,0,3.0,0,1057581.210918,5986.0,3287163.0
1354,2016-09-04,0,1,0,3.0,0,1109985.857533,6669.0,3073455.0
1355,2016-09-05,0,1,0,3.0,0,813763.2950235,5446.0,2748075.0
1356,2016-09-06,0,1,0,3.0,0,751583.025072,7130.0,2755632.0
1357,2016-09-07,0,1,0,3.0,0,738543.916999,12437.0,2630727.0
1358,2016-09-08,0,1,0,3.0,0,595849.2986095,5757.0,2483646.0
1359,2016-09-09,0,1,0,3.0,0,658969.026968,11435.0,2626932.0
1360,2016-09-10,0,1,0,3.0,0,915938.559049,6595.0,3105795.0
1361,2016-09-11,0,1,0,3.0,0,1017369.2242663,7187.0,3023130.0
